posicao,gravacao,varredura,t_ms,nivel_dB
"1 antiga, realce ligado",20261008-161939-f04-16fsk,lider,-5.000,-6.62
"1 antiga, realce ligado",20261008-161939-f04-16fsk,lider,-4.750,-2.76
"1 antiga, realce ligado",20261008-161939-f04-16fsk,lider,-4.500,-0.73
"1 antiga, realce ligado",20261008-161939-f04-16fsk,lider,-4.250,-1.09
"1 antiga, realce ligado",20261008-161939-f04-16fsk,lider,-4.000,-1.33
"1 antiga, realce ligado",20261008-161939-f04-16fsk,lider,-3.750,-2.83
"1 antiga, realce ligado",20261008-161939-f04-16fsk,lider,-3.500,-6.59
"1 antiga, realce ligado",20261008-161939-f04-16fsk,lider,-3.250,-7.64
"1 antiga, realce ligado",20261008-161939-f04-16fsk,lider,-3.000,-9.12
"1 antiga, realce ligado",20261008-161939-f04-16fsk,lider,-2.750,-7.95
"1 antiga, realce ligado",20261008-161939-f04-16fsk,lider,-2.500,-4.04
"1 antiga, realce ligado",20261008-161939-f04-16fsk,lider,-2.250,-1.82
"1 antiga, realce ligado",20261008-161939-f04-16fsk,lider,-2.000,-1.43
"1 antiga, realce ligado",20261008-161939-f04-16fsk,lider,-1.750,-1.37
"1 antiga, realce ligado",20261008-161939-f04-16fsk,lider,-1.500,-2.19
"1 antiga, realce ligado",20261008-161939-f04-16fsk,lider,-1.250,-4.30
"1 antiga, realce ligado",20261008-161939-f04-16fsk,lider,-1.000,-3.15
"1 antiga, realce ligado",20261008-161939-f04-16fsk,lider,-0.750,-3.30
"1 antiga, realce ligado",20261008-161939-f04-16fsk,lider,-0.500,-1.67
"1 antiga, realce ligado",20261008-161939-f04-16fsk,lider,-0.250,-0.01
"1 antiga, realce ligado",20261008-161939-f04-16fsk,lider,0.000,-0.57
"1 antiga, realce ligado",20261008-161939-f04-16fsk,lider,0.250,-1.18
"1 antiga, realce ligado",20261008-161939-f04-16fsk,lider,0.500,-2.70
"1 antiga, realce ligado",20261008-161939-f04-16fsk,lider,0.750,-5.77
"1 antiga, realce ligado",20261008-161939-f04-16fsk,lider,1.000,-6.20
"1 antiga, realce ligado",20261008-161939-f04-16fsk,lider,1.250,-5.82
"1 antiga, realce ligado",20261008-161939-f04-16fsk,lider,1.500,-7.32
"1 antiga, realce ligado",20261008-161939-f04-16fsk,lider,1.750,-9.07
"1 antiga, realce ligado",20261008-161939-f04-16fsk,lider,2.000,-9.65
"1 antiga, realce ligado",20261008-161939-f04-16fsk,lider,2.250,-9.68
"1 antiga, realce ligado",20261008-161939-f04-16fsk,lider,2.500,-10.59
"1 antiga, realce ligado",20261008-161939-f04-16fsk,lider,2.750,-11.05
"1 antiga, realce ligado",20261008-161939-f04-16fsk,lider,3.000,-12.21
"1 antiga, realce ligado",20261008-161939-f04-16fsk,lider,3.250,-15.49
"1 antiga, realce ligado",20261008-161939-f04-16fsk,lider,3.500,-16.69
"1 antiga, realce ligado",20261008-161939-f04-16fsk,lider,3.750,-15.36
"1 antiga, realce ligado",20261008-161939-f04-16fsk,lider,4.000,-14.79
"1 antiga, realce ligado",20261008-161939-f04-16fsk,lider,4.250,-14.54
"1 antiga, realce ligado",20261008-161939-f04-16fsk,lider,4.500,-14.74
"1 antiga, realce ligado",20261008-161939-f04-16fsk,lider,4.750,-16.99
"1 antiga, realce ligado",20261008-161939-f04-16fsk,lider,5.000,-17.36
"1 antiga, realce ligado",20261008-161939-f04-16fsk,lider,5.250,-16.96
"1 antiga, realce ligado",20261008-161939-f04-16fsk,lider,5.500,-17.93
"1 antiga, realce ligado",20261008-161939-f04-16fsk,lider,5.750,-17.04
"1 antiga, realce ligado",20261008-161939-f04-16fsk,lider,6.000,-18.09
"1 antiga, realce ligado",20261008-161939-f04-16fsk,lider,6.250,-17.35
"1 antiga, realce ligado",20261008-161939-f04-16fsk,lider,6.500,-15.15
"1 antiga, realce ligado",20261008-161939-f04-16fsk,lider,6.750,-14.04
"1 antiga, realce ligado",20261008-161939-f04-16fsk,lider,7.000,-9.49
"1 antiga, realce ligado",20261008-161939-f04-16fsk,lider,7.250,-9.15
"1 antiga, realce ligado",20261008-161939-f04-16fsk,lider,7.500,-6.70
"1 antiga, realce ligado",20261008-161939-f04-16fsk,lider,7.750,-5.67
"1 antiga, realce ligado",20261008-161939-f04-16fsk,lider,8.000,-6.69
"1 antiga, realce ligado",20261008-161939-f04-16fsk,lider,8.250,-6.71
"1 antiga, realce ligado",20261008-161939-f04-16fsk,lider,8.500,-9.37
"1 antiga, realce ligado",20261008-161939-f04-16fsk,lider,8.750,-11.67
"1 antiga, realce ligado",20261008-161939-f04-16fsk,lider,9.000,-11.32
"1 antiga, realce ligado",20261008-161939-f04-16fsk,lider,9.250,-11.96
"1 antiga, realce ligado",20261008-161939-f04-16fsk,lider,9.500,-10.34
"1 antiga, realce ligado",20261008-161939-f04-16fsk,lider,9.750,-8.18
"1 antiga, realce ligado",20261008-161939-f04-16fsk,lider,10.000,-7.55
"1 antiga, realce ligado",20261008-161939-f04-16fsk,lider,10.250,-7.32
"1 antiga, realce ligado",20261008-161939-f04-16fsk,lider,10.500,-8.24
"1 antiga, realce ligado",20261008-161939-f04-16fsk,lider,10.750,-11.43
"1 antiga, realce ligado",20261008-161939-f04-16fsk,lider,11.000,-13.45
"1 antiga, realce ligado",20261008-161939-f04-16fsk,lider,11.250,-14.35
"1 antiga, realce ligado",20261008-161939-f04-16fsk,lider,11.500,-12.72
"1 antiga, realce ligado",20261008-161939-f04-16fsk,lider,11.750,-12.44
"1 antiga, realce ligado",20261008-161939-f04-16fsk,lider,12.000,-12.84
"1 antiga, realce ligado",20261008-161939-f04-16fsk,lider,12.250,-12.79
"1 antiga, realce ligado",20261008-161939-f04-16fsk,lider,12.500,-11.69
"1 antiga, realce ligado",20261008-161939-f04-16fsk,lider,12.750,-11.08
"1 antiga, realce ligado",20261008-161939-f04-16fsk,lider,13.000,-11.27
"1 antiga, realce ligado",20261008-161939-f04-16fsk,lider,13.250,-11.31
"1 antiga, realce ligado",20261008-161939-f04-16fsk,lider,13.500,-13.82
"1 antiga, realce ligado",20261008-161939-f04-16fsk,lider,13.750,-15.84
"1 antiga, realce ligado",20261008-161939-f04-16fsk,lider,14.000,-16.84
"1 antiga, realce ligado",20261008-161939-f04-16fsk,lider,14.250,-17.38
"1 antiga, realce ligado",20261008-161939-f04-16fsk,lider,14.500,-17.31
"1 antiga, realce ligado",20261008-161939-f04-16fsk,lider,14.750,-17.99
"1 antiga, realce ligado",20261008-161939-f04-16fsk,lider,15.000,-20.06
"1 antiga, realce ligado",20261008-161939-f04-16fsk,lider,15.250,-18.31
"1 antiga, realce ligado",20261008-161939-f04-16fsk,lider,15.500,-16.43
"1 antiga, realce ligado",20261008-161939-f04-16fsk,lider,15.750,-15.26
"1 antiga, realce ligado",20261008-161939-f04-16fsk,lider,16.000,-14.51
"1 antiga, realce ligado",20261008-161939-f04-16fsk,lider,16.250,-14.78
"1 antiga, realce ligado",20261008-161939-f04-16fsk,lider,16.500,-15.68
"1 antiga, realce ligado",20261008-161939-f04-16fsk,lider,16.750,-16.48
"1 antiga, realce ligado",20261008-161939-f04-16fsk,lider,17.000,-17.00
"1 antiga, realce ligado",20261008-161939-f04-16fsk,lider,17.250,-17.15
"1 antiga, realce ligado",20261008-161939-f04-16fsk,lider,17.500,-15.88
"1 antiga, realce ligado",20261008-161939-f04-16fsk,lider,17.750,-15.74
"1 antiga, realce ligado",20261008-161939-f04-16fsk,lider,18.000,-15.67
"1 antiga, realce ligado",20261008-161939-f04-16fsk,lider,18.250,-16.21
"1 antiga, realce ligado",20261008-161939-f04-16fsk,lider,18.500,-17.98
"1 antiga, realce ligado",20261008-161939-f04-16fsk,lider,18.750,-17.30
"1 antiga, realce ligado",20261008-161939-f04-16fsk,lider,19.000,-14.21
"1 antiga, realce ligado",20261008-161939-f04-16fsk,lider,19.250,-12.31
"1 antiga, realce ligado",20261008-161939-f04-16fsk,lider,19.500,-12.02
"1 antiga, realce ligado",20261008-161939-f04-16fsk,lider,19.750,-12.21
"1 antiga, realce ligado",20261008-161939-f04-16fsk,lider,20.000,-14.18
"1 antiga, realce ligado",20261008-161939-f04-16fsk,lider,20.250,-16.12
"1 antiga, realce ligado",20261008-161939-f04-16fsk,lider,20.500,-15.68
"1 antiga, realce ligado",20261008-161939-f04-16fsk,lider,20.750,-14.52
"1 antiga, realce ligado",20261008-161939-f04-16fsk,lider,21.000,-12.54
"1 antiga, realce ligado",20261008-161939-f04-16fsk,lider,21.250,-13.26
"1 antiga, realce ligado",20261008-161939-f04-16fsk,lider,21.500,-13.94
"1 antiga, realce ligado",20261008-161939-f04-16fsk,lider,21.750,-13.86
"1 antiga, realce ligado",20261008-161939-f04-16fsk,lider,22.000,-15.32
"1 antiga, realce ligado",20261008-161939-f04-16fsk,lider,22.250,-15.24
"1 antiga, realce ligado",20261008-161939-f04-16fsk,lider,22.500,-14.37
"1 antiga, realce ligado",20261008-161939-f04-16fsk,lider,22.750,-15.52
"1 antiga, realce ligado",20261008-161939-f04-16fsk,lider,23.000,-16.16
"1 antiga, realce ligado",20261008-161939-f04-16fsk,lider,23.250,-15.93
"1 antiga, realce ligado",20261008-161939-f04-16fsk,lider,23.500,-17.24
"1 antiga, realce ligado",20261008-161939-f04-16fsk,lider,23.750,-16.55
"1 antiga, realce ligado",20261008-161939-f04-16fsk,lider,24.000,-16.12
"1 antiga, realce ligado",20261008-161939-f04-16fsk,lider,24.250,-15.44
"1 antiga, realce ligado",20261008-161939-f04-16fsk,lider,24.500,-14.79
"1 antiga, realce ligado",20261008-161939-f04-16fsk,lider,24.750,-15.84
"1 antiga, realce ligado",20261008-161939-f04-16fsk,lider,25.000,-17.69
"1 antiga, realce ligado",20261008-161939-f04-16fsk,lider,25.250,-20.40
"1 antiga, realce ligado",20261008-161939-f04-16fsk,lider,25.500,-23.75
"1 antiga, realce ligado",20261008-161939-f04-16fsk,lider,25.750,-25.32
"1 antiga, realce ligado",20261008-161939-f04-16fsk,lider,26.000,-20.62
"1 antiga, realce ligado",20261008-161939-f04-16fsk,lider,26.250,-18.18
"1 antiga, realce ligado",20261008-161939-f04-16fsk,lider,26.500,-18.30
"1 antiga, realce ligado",20261008-161939-f04-16fsk,lider,26.750,-18.10
"1 antiga, realce ligado",20261008-161939-f04-16fsk,lider,27.000,-17.62
"1 antiga, realce ligado",20261008-161939-f04-16fsk,lider,27.250,-16.86
"1 antiga, realce ligado",20261008-161939-f04-16fsk,lider,27.500,-16.71
"1 antiga, realce ligado",20261008-161939-f04-16fsk,lider,27.750,-16.70
"1 antiga, realce ligado",20261008-161939-f04-16fsk,lider,28.000,-18.52
"1 antiga, realce ligado",20261008-161939-f04-16fsk,lider,28.250,-22.24
"1 antiga, realce ligado",20261008-161939-f04-16fsk,lider,28.500,-18.03
"1 antiga, realce ligado",20261008-161939-f04-16fsk,lider,28.750,-17.60
"1 antiga, realce ligado",20261008-161939-f04-16fsk,lider,29.000,-15.97
"1 antiga, realce ligado",20261008-161939-f04-16fsk,lider,29.250,-14.34
"1 antiga, realce ligado",20261008-161939-f04-16fsk,lider,29.500,-15.24
"1 antiga, realce ligado",20261008-161939-f04-16fsk,lider,29.750,-15.32
"1 antiga, realce ligado",20261008-161939-f04-16fsk,lider,30.000,-16.10
"1 antiga, realce ligado",20261008-161939-f04-16fsk,lider,30.250,-17.46
"1 antiga, realce ligado",20261008-161939-f04-16fsk,lider,30.500,-13.86
"1 antiga, realce ligado",20261008-161939-f04-16fsk,lider,30.750,-13.21
"1 antiga, realce ligado",20261008-161939-f04-16fsk,lider,31.000,-12.47
"1 antiga, realce ligado",20261008-161939-f04-16fsk,lider,31.250,-12.12
"1 antiga, realce ligado",20261008-161939-f04-16fsk,lider,31.500,-14.04
"1 antiga, realce ligado",20261008-161939-f04-16fsk,lider,31.750,-14.72
"1 antiga, realce ligado",20261008-161939-f04-16fsk,lider,32.000,-13.81
"1 antiga, realce ligado",20261008-161939-f04-16fsk,lider,32.250,-14.05
"1 antiga, realce ligado",20261008-161939-f04-16fsk,lider,32.500,-13.38
"1 antiga, realce ligado",20261008-161939-f04-16fsk,lider,32.750,-11.73
"1 antiga, realce ligado",20261008-161939-f04-16fsk,lider,33.000,-11.39
"1 antiga, realce ligado",20261008-161939-f04-16fsk,lider,33.250,-11.68
"1 antiga, realce ligado",20261008-161939-f04-16fsk,lider,33.500,-11.97
"1 antiga, realce ligado",20261008-161939-f04-16fsk,lider,33.750,-13.58
"1 antiga, realce ligado",20261008-161939-f04-16fsk,lider,34.000,-17.34
"1 antiga, realce ligado",20261008-161939-f04-16fsk,lider,34.250,-17.13
"1 antiga, realce ligado",20261008-161939-f04-16fsk,lider,34.500,-13.64
"1 antiga, realce ligado",20261008-161939-f04-16fsk,lider,34.750,-11.98
"1 antiga, realce ligado",20261008-161939-f04-16fsk,lider,35.000,-11.88
"1 antiga, realce ligado",20261008-161939-f04-16fsk,lider,35.250,-11.84
"1 antiga, realce ligado",20261008-161939-f04-16fsk,lider,35.500,-13.68
"1 antiga, realce ligado",20261008-161939-f04-16fsk,lider,35.750,-16.22
"1 antiga, realce ligado",20261008-161939-f04-16fsk,lider,36.000,-14.93
"1 antiga, realce ligado",20261008-161939-f04-16fsk,lider,36.250,-13.46
"1 antiga, realce ligado",20261008-161939-f04-16fsk,lider,36.500,-13.34
"1 antiga, realce ligado",20261008-161939-f04-16fsk,lider,36.750,-13.91
"1 antiga, realce ligado",20261008-161939-f04-16fsk,lider,37.000,-14.98
"1 antiga, realce ligado",20261008-161939-f04-16fsk,lider,37.250,-18.36
"1 antiga, realce ligado",20261008-161939-f04-16fsk,lider,37.500,-21.39
"1 antiga, realce ligado",20261008-161939-f04-16fsk,lider,37.750,-19.23
"1 antiga, realce ligado",20261008-161939-f04-16fsk,lider,38.000,-17.12
"1 antiga, realce ligado",20261008-161939-f04-16fsk,lider,38.250,-16.87
"1 antiga, realce ligado",20261008-161939-f04-16fsk,lider,38.500,-17.47
"1 antiga, realce ligado",20261008-161939-f04-16fsk,lider,38.750,-17.95
"1 antiga, realce ligado",20261008-161939-f04-16fsk,lider,39.000,-17.55
"1 antiga, realce ligado",20261008-161939-f04-16fsk,lider,39.250,-15.42
"1 antiga, realce ligado",20261008-161939-f04-16fsk,lider,39.500,-14.93
"1 antiga, realce ligado",20261008-161939-f04-16fsk,lider,39.750,-13.54
"1 antiga, realce ligado",20261008-161939-f04-16fsk,lider,40.000,-13.19
"1 antiga, realce ligado",20261008-161939-f04-16fsk,lider,40.250,-14.19
"1 antiga, realce ligado",20261008-161939-f04-16fsk,lider,40.500,-14.31
"1 antiga, realce ligado",20261008-161939-f04-16fsk,lider,40.750,-15.56
"1 antiga, realce ligado",20261008-161939-f04-16fsk,lider,41.000,-17.83
"1 antiga, realce ligado",20261008-161939-f04-16fsk,lider,41.250,-15.73
"1 antiga, realce ligado",20261008-161939-f04-16fsk,lider,41.500,-14.73
"1 antiga, realce ligado",20261008-161939-f04-16fsk,lider,41.750,-13.97
"1 antiga, realce ligado",20261008-161939-f04-16fsk,lider,42.000,-14.08
"1 antiga, realce ligado",20261008-161939-f04-16fsk,lider,42.250,-15.07
"1 antiga, realce ligado",20261008-161939-f04-16fsk,lider,42.500,-15.74
"1 antiga, realce ligado",20261008-161939-f04-16fsk,lider,42.750,-15.94
"1 antiga, realce ligado",20261008-161939-f04-16fsk,lider,43.000,-15.53
"1 antiga, realce ligado",20261008-161939-f04-16fsk,lider,43.250,-14.52
"1 antiga, realce ligado",20261008-161939-f04-16fsk,lider,43.500,-14.45
"1 antiga, realce ligado",20261008-161939-f04-16fsk,lider,43.750,-15.98
"1 antiga, realce ligado",20261008-161939-f04-16fsk,lider,44.000,-16.72
"1 antiga, realce ligado",20261008-161939-f04-16fsk,lider,44.250,-20.65
"1 antiga, realce ligado",20261008-161939-f04-16fsk,lider,44.500,-24.56
"1 antiga, realce ligado",20261008-161939-f04-16fsk,lider,44.750,-25.50
"1 antiga, realce ligado",20261008-161939-f04-16fsk,lider,45.000,-25.57
"1 antiga, realce ligado",20261008-161939-f04-16fsk,lider,45.250,-23.45
"1 antiga, realce ligado",20261008-161939-f04-16fsk,lider,45.500,-19.67
"1 antiga, realce ligado",20261008-161939-f04-16fsk,lider,45.750,-18.50
"1 antiga, realce ligado",20261008-161939-f04-16fsk,lider,46.000,-18.10
"1 antiga, realce ligado",20261008-161939-f04-16fsk,lider,46.250,-18.18
"1 antiga, realce ligado",20261008-161939-f04-16fsk,lider,46.500,-19.00
"1 antiga, realce ligado",20261008-161939-f04-16fsk,lider,46.750,-16.78
"1 antiga, realce ligado",20261008-161939-f04-16fsk,lider,47.000,-16.19
"1 antiga, realce ligado",20261008-161939-f04-16fsk,lider,47.250,-15.41
"1 antiga, realce ligado",20261008-161939-f04-16fsk,lider,47.500,-15.89
"1 antiga, realce ligado",20261008-161939-f04-16fsk,lider,47.750,-17.36
"1 antiga, realce ligado",20261008-161939-f04-16fsk,lider,48.000,-17.38
"1 antiga, realce ligado",20261008-161939-f04-16fsk,lider,48.250,-17.48
"1 antiga, realce ligado",20261008-161939-f04-16fsk,lider,48.500,-17.65
"1 antiga, realce ligado",20261008-161939-f04-16fsk,lider,48.750,-18.85
"1 antiga, realce ligado",20261008-161939-f04-16fsk,lider,49.000,-20.74
"1 antiga, realce ligado",20261008-161939-f04-16fsk,lider,49.250,-23.96
"1 antiga, realce ligado",20261008-161939-f04-16fsk,lider,49.500,-21.40
"1 antiga, realce ligado",20261008-161939-f04-16fsk,lider,49.750,-20.72
"1 antiga, realce ligado",20261008-161939-f04-16fsk,lider,50.000,-19.45
"1 antiga, realce ligado",20261008-161939-f04-16fsk,lider,50.250,-19.09
"1 antiga, realce ligado",20261008-161939-f04-16fsk,lider,50.500,-19.03
"1 antiga, realce ligado",20261008-161939-f04-16fsk,lider,50.750,-19.30
"1 antiga, realce ligado",20261008-161939-f04-16fsk,lider,51.000,-19.58
"1 antiga, realce ligado",20261008-161939-f04-16fsk,lider,51.250,-20.16
"1 antiga, realce ligado",20261008-161939-f04-16fsk,lider,51.500,-22.40
"1 antiga, realce ligado",20261008-161939-f04-16fsk,lider,51.750,-20.35
"1 antiga, realce ligado",20261008-161939-f04-16fsk,lider,52.000,-18.10
"1 antiga, realce ligado",20261008-161939-f04-16fsk,lider,52.250,-17.17
"1 antiga, realce ligado",20261008-161939-f04-16fsk,lider,52.500,-16.79
"1 antiga, realce ligado",20261008-161939-f04-16fsk,lider,52.750,-17.64
"1 antiga, realce ligado",20261008-161939-f04-16fsk,lider,53.000,-20.58
"1 antiga, realce ligado",20261008-161939-f04-16fsk,lider,53.250,-24.94
"1 antiga, realce ligado",20261008-161939-f04-16fsk,lider,53.500,-28.20
"1 antiga, realce ligado",20261008-161939-f04-16fsk,lider,53.750,-22.41
"1 antiga, realce ligado",20261008-161939-f04-16fsk,lider,54.000,-20.08
"1 antiga, realce ligado",20261008-161939-f04-16fsk,lider,54.250,-19.32
"1 antiga, realce ligado",20261008-161939-f04-16fsk,lider,54.500,-19.24
"1 antiga, realce ligado",20261008-161939-f04-16fsk,lider,54.750,-18.67
"1 antiga, realce ligado",20261008-161939-f04-16fsk,lider,55.000,-18.16
"1 antiga, realce ligado",20261008-161939-f04-16fsk,lider,55.250,-17.87
"1 antiga, realce ligado",20261008-161939-f04-16fsk,lider,55.500,-17.81
"1 antiga, realce ligado",20261008-161939-f04-16fsk,lider,55.750,-18.60
"1 antiga, realce ligado",20261008-161939-f04-16fsk,lider,56.000,-20.57
"1 antiga, realce ligado",20261008-161939-f04-16fsk,lider,56.250,-21.08
"1 antiga, realce ligado",20261008-161939-f04-16fsk,lider,56.500,-20.22
"1 antiga, realce ligado",20261008-161939-f04-16fsk,lider,56.750,-19.72
"1 antiga, realce ligado",20261008-161939-f04-16fsk,lider,57.000,-19.45
"1 antiga, realce ligado",20261008-161939-f04-16fsk,lider,57.250,-17.94
"1 antiga, realce ligado",20261008-161939-f04-16fsk,lider,57.500,-17.72
"1 antiga, realce ligado",20261008-161939-f04-16fsk,lider,57.750,-18.51
"1 antiga, realce ligado",20261008-161939-f04-16fsk,lider,58.000,-17.81
"1 antiga, realce ligado",20261008-161939-f04-16fsk,lider,58.250,-18.90
"1 antiga, realce ligado",20261008-161939-f04-16fsk,lider,58.500,-19.88
"1 antiga, realce ligado",20261008-161939-f04-16fsk,lider,58.750,-18.77
"1 antiga, realce ligado",20261008-161939-f04-16fsk,lider,59.000,-19.46
"1 antiga, realce ligado",20261008-161939-f04-16fsk,lider,59.250,-20.95
"1 antiga, realce ligado",20261008-161939-f04-16fsk,lider,59.500,-19.42
"1 antiga, realce ligado",20261008-161939-f04-16fsk,lider,59.750,-21.92
"1 antiga, realce ligado",20261008-161939-f04-16fsk,final,-5.000,-4.48
"1 antiga, realce ligado",20261008-161939-f04-16fsk,final,-4.750,-3.40
"1 antiga, realce ligado",20261008-161939-f04-16fsk,final,-4.500,-3.09
"1 antiga, realce ligado",20261008-161939-f04-16fsk,final,-4.250,-3.61
"1 antiga, realce ligado",20261008-161939-f04-16fsk,final,-4.000,-4.92
"1 antiga, realce ligado",20261008-161939-f04-16fsk,final,-3.750,-6.35
"1 antiga, realce ligado",20261008-161939-f04-16fsk,final,-3.500,-4.47
"1 antiga, realce ligado",20261008-161939-f04-16fsk,final,-3.250,-5.19
"1 antiga, realce ligado",20261008-161939-f04-16fsk,final,-3.000,-5.53
"1 antiga, realce ligado",20261008-161939-f04-16fsk,final,-2.750,-5.26
"1 antiga, realce ligado",20261008-161939-f04-16fsk,final,-2.500,-7.59
"1 antiga, realce ligado",20261008-161939-f04-16fsk,final,-2.250,-7.30
"1 antiga, realce ligado",20261008-161939-f04-16fsk,final,-2.000,-5.01
"1 antiga, realce ligado",20261008-161939-f04-16fsk,final,-1.750,-3.83
"1 antiga, realce ligado",20261008-161939-f04-16fsk,final,-1.500,-3.74
"1 antiga, realce ligado",20261008-161939-f04-16fsk,final,-1.250,-2.24
"1 antiga, realce ligado",20261008-161939-f04-16fsk,final,-1.000,-1.84
"1 antiga, realce ligado",20261008-161939-f04-16fsk,final,-0.750,-2.51
"1 antiga, realce ligado",20261008-161939-f04-16fsk,final,-0.500,-0.65
"1 antiga, realce ligado",20261008-161939-f04-16fsk,final,-0.250,-0.31
"1 antiga, realce ligado",20261008-161939-f04-16fsk,final,0.000,-1.14
"1 antiga, realce ligado",20261008-161939-f04-16fsk,final,0.250,-0.49
"1 antiga, realce ligado",20261008-161939-f04-16fsk,final,0.500,-0.73
"1 antiga, realce ligado",20261008-161939-f04-16fsk,final,0.750,-2.54
"1 antiga, realce ligado",20261008-161939-f04-16fsk,final,1.000,-1.53
"1 antiga, realce ligado",20261008-161939-f04-16fsk,final,1.250,-1.79
"1 antiga, realce ligado",20261008-161939-f04-16fsk,final,1.500,-4.03
"1 antiga, realce ligado",20261008-161939-f04-16fsk,final,1.750,-4.66
"1 antiga, realce ligado",20261008-161939-f04-16fsk,final,2.000,-6.68
"1 antiga, realce ligado",20261008-161939-f04-16fsk,final,2.250,-9.68
"1 antiga, realce ligado",20261008-161939-f04-16fsk,final,2.500,-10.69
"1 antiga, realce ligado",20261008-161939-f04-16fsk,final,2.750,-11.57
"1 antiga, realce ligado",20261008-161939-f04-16fsk,final,3.000,-13.56
"1 antiga, realce ligado",20261008-161939-f04-16fsk,final,3.250,-10.80
"1 antiga, realce ligado",20261008-161939-f04-16fsk,final,3.500,-10.50
"1 antiga, realce ligado",20261008-161939-f04-16fsk,final,3.750,-10.29
"1 antiga, realce ligado",20261008-161939-f04-16fsk,final,4.000,-11.53
"1 antiga, realce ligado",20261008-161939-f04-16fsk,final,4.250,-14.96
"1 antiga, realce ligado",20261008-161939-f04-16fsk,final,4.500,-16.25
"1 antiga, realce ligado",20261008-161939-f04-16fsk,final,4.750,-11.83
"1 antiga, realce ligado",20261008-161939-f04-16fsk,final,5.000,-7.71
"1 antiga, realce ligado",20261008-161939-f04-16fsk,final,5.250,-5.77
"1 antiga, realce ligado",20261008-161939-f04-16fsk,final,5.500,-5.09
"1 antiga, realce ligado",20261008-161939-f04-16fsk,final,5.750,-5.54
"1 antiga, realce ligado",20261008-161939-f04-16fsk,final,6.000,-7.08
"1 antiga, realce ligado",20261008-161939-f04-16fsk,final,6.250,-9.40
"1 antiga, realce ligado",20261008-161939-f04-16fsk,final,6.500,-8.78
"1 antiga, realce ligado",20261008-161939-f04-16fsk,final,6.750,-6.92
"1 antiga, realce ligado",20261008-161939-f04-16fsk,final,7.000,-7.18
"1 antiga, realce ligado",20261008-161939-f04-16fsk,final,7.250,-7.18
"1 antiga, realce ligado",20261008-161939-f04-16fsk,final,7.500,-6.86
"1 antiga, realce ligado",20261008-161939-f04-16fsk,final,7.750,-8.42
"1 antiga, realce ligado",20261008-161939-f04-16fsk,final,8.000,-6.28
"1 antiga, realce ligado",20261008-161939-f04-16fsk,final,8.250,-5.55
"1 antiga, realce ligado",20261008-161939-f04-16fsk,final,8.500,-5.64
"1 antiga, realce ligado",20261008-161939-f04-16fsk,final,8.750,-4.36
"1 antiga, realce ligado",20261008-161939-f04-16fsk,final,9.000,-4.60
"1 antiga, realce ligado",20261008-161939-f04-16fsk,final,9.250,-4.61
"1 antiga, realce ligado",20261008-161939-f04-16fsk,final,9.500,-4.81
"1 antiga, realce ligado",20261008-161939-f04-16fsk,final,9.750,-5.31
"1 antiga, realce ligado",20261008-161939-f04-16fsk,final,10.000,-6.18
"1 antiga, realce ligado",20261008-161939-f04-16fsk,final,10.250,-5.50
"1 antiga, realce ligado",20261008-161939-f04-16fsk,final,10.500,-5.66
"1 antiga, realce ligado",20261008-161939-f04-16fsk,final,10.750,-6.54
"1 antiga, realce ligado",20261008-161939-f04-16fsk,final,11.000,-6.69
"1 antiga, realce ligado",20261008-161939-f04-16fsk,final,11.250,-9.07
"1 antiga, realce ligado",20261008-161939-f04-16fsk,final,11.500,-6.76
"1 antiga, realce ligado",20261008-161939-f04-16fsk,final,11.750,-6.55
"1 antiga, realce ligado",20261008-161939-f04-16fsk,final,12.000,-6.28
"1 antiga, realce ligado",20261008-161939-f04-16fsk,final,12.250,-6.14
"1 antiga, realce ligado",20261008-161939-f04-16fsk,final,12.500,-9.31
"1 antiga, realce ligado",20261008-161939-f04-16fsk,final,12.750,-8.79
"1 antiga, realce ligado",20261008-161939-f04-16fsk,final,13.000,-8.36
"1 antiga, realce ligado",20261008-161939-f04-16fsk,final,13.250,-8.88
"1 antiga, realce ligado",20261008-161939-f04-16fsk,final,13.500,-8.71
"1 antiga, realce ligado",20261008-161939-f04-16fsk,final,13.750,-8.44
"1 antiga, realce ligado",20261008-161939-f04-16fsk,final,14.000,-9.47
"1 antiga, realce ligado",20261008-161939-f04-16fsk,final,14.250,-7.37
"1 antiga, realce ligado",20261008-161939-f04-16fsk,final,14.500,-7.36
"1 antiga, realce ligado",20261008-161939-f04-16fsk,final,14.750,-7.32
"1 antiga, realce ligado",20261008-161939-f04-16fsk,final,15.000,-6.33
"1 antiga, realce ligado",20261008-161939-f04-16fsk,final,15.250,-7.64
"1 antiga, realce ligado",20261008-161939-f04-16fsk,final,15.500,-6.30
"1 antiga, realce ligado",20261008-161939-f04-16fsk,final,15.750,-7.29
"1 antiga, realce ligado",20261008-161939-f04-16fsk,final,16.000,-7.98
"1 antiga, realce ligado",20261008-161939-f04-16fsk,final,16.250,-8.16
"1 antiga, realce ligado",20261008-161939-f04-16fsk,final,16.500,-9.77
"1 antiga, realce ligado",20261008-161939-f04-16fsk,final,16.750,-9.38
"1 antiga, realce ligado",20261008-161939-f04-16fsk,final,17.000,-7.28
"1 antiga, realce ligado",20261008-161939-f04-16fsk,final,17.250,-6.64
"1 antiga, realce ligado",20261008-161939-f04-16fsk,final,17.500,-5.29
"1 antiga, realce ligado",20261008-161939-f04-16fsk,final,17.750,-5.01
"1 antiga, realce ligado",20261008-161939-f04-16fsk,final,18.000,-6.50
"1 antiga, realce ligado",20261008-161939-f04-16fsk,final,18.250,-7.12
"1 antiga, realce ligado",20261008-161939-f04-16fsk,final,18.500,-9.28
"1 antiga, realce ligado",20261008-161939-f04-16fsk,final,18.750,-10.83
"1 antiga, realce ligado",20261008-161939-f04-16fsk,final,19.000,-10.84
"1 antiga, realce ligado",20261008-161939-f04-16fsk,final,19.250,-10.05
"1 antiga, realce ligado",20261008-161939-f04-16fsk,final,19.500,-11.42
"1 antiga, realce ligado",20261008-161939-f04-16fsk,final,19.750,-10.00
"1 antiga, realce ligado",20261008-161939-f04-16fsk,final,20.000,-10.23
"1 antiga, realce ligado",20261008-161939-f04-16fsk,final,20.250,-9.67
"1 antiga, realce ligado",20261008-161939-f04-16fsk,final,20.500,-8.21
"1 antiga, realce ligado",20261008-161939-f04-16fsk,final,20.750,-9.07
"1 antiga, realce ligado",20261008-161939-f04-16fsk,final,21.000,-7.93
"1 antiga, realce ligado",20261008-161939-f04-16fsk,final,21.250,-8.33
"1 antiga, realce ligado",20261008-161939-f04-16fsk,final,21.500,-8.02
"1 antiga, realce ligado",20261008-161939-f04-16fsk,final,21.750,-7.78
"1 antiga, realce ligado",20261008-161939-f04-16fsk,final,22.000,-7.64
"1 antiga, realce ligado",20261008-161939-f04-16fsk,final,22.250,-6.93
"1 antiga, realce ligado",20261008-161939-f04-16fsk,final,22.500,-6.82
"1 antiga, realce ligado",20261008-161939-f04-16fsk,final,22.750,-5.27
"1 antiga, realce ligado",20261008-161939-f04-16fsk,final,23.000,-4.80
"1 antiga, realce ligado",20261008-161939-f04-16fsk,final,23.250,-4.19
"1 antiga, realce ligado",20261008-161939-f04-16fsk,final,23.500,-3.96
"1 antiga, realce ligado",20261008-161939-f04-16fsk,final,23.750,-4.87
"1 antiga, realce ligado",20261008-161939-f04-16fsk,final,24.000,-5.20
"1 antiga, realce ligado",20261008-161939-f04-16fsk,final,24.250,-6.23
"1 antiga, realce ligado",20261008-161939-f04-16fsk,final,24.500,-6.70
"1 antiga, realce ligado",20261008-161939-f04-16fsk,final,24.750,-6.48
"1 antiga, realce ligado",20261008-161939-f04-16fsk,final,25.000,-7.78
"1 antiga, realce ligado",20261008-161939-f04-16fsk,final,25.250,-7.72
"1 antiga, realce ligado",20261008-161939-f04-16fsk,final,25.500,-8.72
"1 antiga, realce ligado",20261008-161939-f04-16fsk,final,25.750,-10.04
"1 antiga, realce ligado",20261008-161939-f04-16fsk,final,26.000,-8.42
"1 antiga, realce ligado",20261008-161939-f04-16fsk,final,26.250,-8.44
"1 antiga, realce ligado",20261008-161939-f04-16fsk,final,26.500,-7.02
"1 antiga, realce ligado",20261008-161939-f04-16fsk,final,26.750,-6.74
"1 antiga, realce ligado",20261008-161939-f04-16fsk,final,27.000,-6.41
"1 antiga, realce ligado",20261008-161939-f04-16fsk,final,27.250,-6.06
"1 antiga, realce ligado",20261008-161939-f04-16fsk,final,27.500,-7.11
"1 antiga, realce ligado",20261008-161939-f04-16fsk,final,27.750,-5.79
"1 antiga, realce ligado",20261008-161939-f04-16fsk,final,28.000,-5.12
"1 antiga, realce ligado",20261008-161939-f04-16fsk,final,28.250,-4.78
"1 antiga, realce ligado",20261008-161939-f04-16fsk,final,28.500,-4.09
"1 antiga, realce ligado",20261008-161939-f04-16fsk,final,28.750,-4.21
"1 antiga, realce ligado",20261008-161939-f04-16fsk,final,29.000,-4.24
"1 antiga, realce ligado",20261008-161939-f04-16fsk,final,29.250,-5.04
"1 antiga, realce ligado",20261008-161939-f04-16fsk,final,29.500,-5.09
"1 antiga, realce ligado",20261008-161939-f04-16fsk,final,29.750,-5.86
"1 antiga, realce ligado",20261008-161939-f04-16fsk,final,30.000,-7.68
"1 antiga, realce ligado",20261008-161939-f04-16fsk,final,30.250,-8.10
"1 antiga, realce ligado",20261008-161939-f04-16fsk,final,30.500,-10.36
"1 antiga, realce ligado",20261008-161939-f04-16fsk,final,30.750,-10.93
"1 antiga, realce ligado",20261008-161939-f04-16fsk,final,31.000,-11.80
"1 antiga, realce ligado",20261008-161939-f04-16fsk,final,31.250,-10.67
"1 antiga, realce ligado",20261008-161939-f04-16fsk,final,31.500,-11.38
"1 antiga, realce ligado",20261008-161939-f04-16fsk,final,31.750,-12.38
"1 antiga, realce ligado",20261008-161939-f04-16fsk,final,32.000,-11.96
"1 antiga, realce ligado",20261008-161939-f04-16fsk,final,32.250,-13.33
"1 antiga, realce ligado",20261008-161939-f04-16fsk,final,32.500,-13.94
"1 antiga, realce ligado",20261008-161939-f04-16fsk,final,32.750,-12.24
"1 antiga, realce ligado",20261008-161939-f04-16fsk,final,33.000,-10.82
"1 antiga, realce ligado",20261008-161939-f04-16fsk,final,33.250,-11.06
"1 antiga, realce ligado",20261008-161939-f04-16fsk,final,33.500,-11.07
"1 antiga, realce ligado",20261008-161939-f04-16fsk,final,33.750,-12.90
"1 antiga, realce ligado",20261008-161939-f04-16fsk,final,34.000,-18.07
"1 antiga, realce ligado",20261008-161939-f04-16fsk,final,34.250,-19.71
"1 antiga, realce ligado",20261008-161939-f04-16fsk,final,34.500,-16.65
"1 antiga, realce ligado",20261008-161939-f04-16fsk,final,34.750,-14.35
"1 antiga, realce ligado",20261008-161939-f04-16fsk,final,35.000,-13.16
"1 antiga, realce ligado",20261008-161939-f04-16fsk,final,35.250,-12.86
"1 antiga, realce ligado",20261008-161939-f04-16fsk,final,35.500,-11.34
"1 antiga, realce ligado",20261008-161939-f04-16fsk,final,35.750,-10.05
"1 antiga, realce ligado",20261008-161939-f04-16fsk,final,36.000,-10.15
"1 antiga, realce ligado",20261008-161939-f04-16fsk,final,36.250,-10.25
"1 antiga, realce ligado",20261008-161939-f04-16fsk,final,36.500,-11.47
"1 antiga, realce ligado",20261008-161939-f04-16fsk,final,36.750,-14.54
"1 antiga, realce ligado",20261008-161939-f04-16fsk,final,37.000,-13.18
"1 antiga, realce ligado",20261008-161939-f04-16fsk,final,37.250,-12.21
"1 antiga, realce ligado",20261008-161939-f04-16fsk,final,37.500,-10.71
"1 antiga, realce ligado",20261008-161939-f04-16fsk,final,37.750,-9.90
"1 antiga, realce ligado",20261008-161939-f04-16fsk,final,38.000,-10.68
"1 antiga, realce ligado",20261008-161939-f04-16fsk,final,38.250,-9.03
"1 antiga, realce ligado",20261008-161939-f04-16fsk,final,38.500,-9.84
"1 antiga, realce ligado",20261008-161939-f04-16fsk,final,38.750,-9.74
"1 antiga, realce ligado",20261008-161939-f04-16fsk,final,39.000,-9.57
"1 antiga, realce ligado",20261008-161939-f04-16fsk,final,39.250,-10.19
"1 antiga, realce ligado",20261008-161939-f04-16fsk,final,39.500,-10.06
"1 antiga, realce ligado",20261008-161939-f04-16fsk,final,39.750,-9.03
"1 antiga, realce ligado",20261008-161939-f04-16fsk,final,40.000,-8.50
"1 antiga, realce ligado",20261008-161939-f04-16fsk,final,40.250,-9.37
"1 antiga, realce ligado",20261008-161939-f04-16fsk,final,40.500,-9.01
"1 antiga, realce ligado",20261008-161939-f04-16fsk,final,40.750,-11.11
"1 antiga, realce ligado",20261008-161939-f04-16fsk,final,41.000,-12.20
"1 antiga, realce ligado",20261008-161939-f04-16fsk,final,41.250,-9.22
"1 antiga, realce ligado",20261008-161939-f04-16fsk,final,41.500,-9.32
"1 antiga, realce ligado",20261008-161939-f04-16fsk,final,41.750,-9.18
"1 antiga, realce ligado",20261008-161939-f04-16fsk,final,42.000,-8.63
"1 antiga, realce ligado",20261008-161939-f04-16fsk,final,42.250,-9.61
"1 antiga, realce ligado",20261008-161939-f04-16fsk,final,42.500,-9.17
"1 antiga, realce ligado",20261008-161939-f04-16fsk,final,42.750,-9.13
"1 antiga, realce ligado",20261008-161939-f04-16fsk,final,43.000,-10.02
"1 antiga, realce ligado",20261008-161939-f04-16fsk,final,43.250,-12.03
"1 antiga, realce ligado",20261008-161939-f04-16fsk,final,43.500,-13.87
"1 antiga, realce ligado",20261008-161939-f04-16fsk,final,43.750,-13.98
"1 antiga, realce ligado",20261008-161939-f04-16fsk,final,44.000,-13.40
"1 antiga, realce ligado",20261008-161939-f04-16fsk,final,44.250,-12.16
"1 antiga, realce ligado",20261008-161939-f04-16fsk,final,44.500,-12.45
"1 antiga, realce ligado",20261008-161939-f04-16fsk,final,44.750,-13.19
"1 antiga, realce ligado",20261008-161939-f04-16fsk,final,45.000,-13.84
"1 antiga, realce ligado",20261008-161939-f04-16fsk,final,45.250,-15.37
"1 antiga, realce ligado",20261008-161939-f04-16fsk,final,45.500,-16.36
"1 antiga, realce ligado",20261008-161939-f04-16fsk,final,45.750,-13.22
"1 antiga, realce ligado",20261008-161939-f04-16fsk,final,46.000,-11.43
"1 antiga, realce ligado",20261008-161939-f04-16fsk,final,46.250,-11.89
"1 antiga, realce ligado",20261008-161939-f04-16fsk,final,46.500,-11.98
"1 antiga, realce ligado",20261008-161939-f04-16fsk,final,46.750,-13.02
"1 antiga, realce ligado",20261008-161939-f04-16fsk,final,47.000,-14.89
"1 antiga, realce ligado",20261008-161939-f04-16fsk,final,47.250,-11.92
"1 antiga, realce ligado",20261008-161939-f04-16fsk,final,47.500,-9.72
"1 antiga, realce ligado",20261008-161939-f04-16fsk,final,47.750,-9.29
"1 antiga, realce ligado",20261008-161939-f04-16fsk,final,48.000,-8.91
"1 antiga, realce ligado",20261008-161939-f04-16fsk,final,48.250,-9.32
"1 antiga, realce ligado",20261008-161939-f04-16fsk,final,48.500,-8.77
"1 antiga, realce ligado",20261008-161939-f04-16fsk,final,48.750,-8.80
"1 antiga, realce ligado",20261008-161939-f04-16fsk,final,49.000,-9.03
"1 antiga, realce ligado",20261008-161939-f04-16fsk,final,49.250,-9.18
"1 antiga, realce ligado",20261008-161939-f04-16fsk,final,49.500,-11.62
"1 antiga, realce ligado",20261008-161939-f04-16fsk,final,49.750,-10.06
"1 antiga, realce ligado",20261008-161939-f04-16fsk,final,50.000,-9.49
"1 antiga, realce ligado",20261008-161939-f04-16fsk,final,50.250,-9.99
"1 antiga, realce ligado",20261008-161939-f04-16fsk,final,50.500,-10.22
"1 antiga, realce ligado",20261008-161939-f04-16fsk,final,50.750,-13.21
"1 antiga, realce ligado",20261008-161939-f04-16fsk,final,51.000,-16.40
"1 antiga, realce ligado",20261008-161939-f04-16fsk,final,51.250,-16.86
"1 antiga, realce ligado",20261008-161939-f04-16fsk,final,51.500,-12.42
"1 antiga, realce ligado",20261008-161939-f04-16fsk,final,51.750,-12.03
"1 antiga, realce ligado",20261008-161939-f04-16fsk,final,52.000,-11.71
"1 antiga, realce ligado",20261008-161939-f04-16fsk,final,52.250,-11.73
"1 antiga, realce ligado",20261008-161939-f04-16fsk,final,52.500,-14.64
"1 antiga, realce ligado",20261008-161939-f04-16fsk,final,52.750,-14.57
"1 antiga, realce ligado",20261008-161939-f04-16fsk,final,53.000,-14.89
"1 antiga, realce ligado",20261008-161939-f04-16fsk,final,53.250,-15.59
"1 antiga, realce ligado",20261008-161939-f04-16fsk,final,53.500,-15.41
"1 antiga, realce ligado",20261008-161939-f04-16fsk,final,53.750,-14.70
"1 antiga, realce ligado",20261008-161939-f04-16fsk,final,54.000,-12.10
"1 antiga, realce ligado",20261008-161939-f04-16fsk,final,54.250,-11.35
"1 antiga, realce ligado",20261008-161939-f04-16fsk,final,54.500,-11.53
"1 antiga, realce ligado",20261008-161939-f04-16fsk,final,54.750,-9.81
"1 antiga, realce ligado",20261008-161939-f04-16fsk,final,55.000,-10.06
"1 antiga, realce ligado",20261008-161939-f04-16fsk,final,55.250,-9.79
"1 antiga, realce ligado",20261008-161939-f04-16fsk,final,55.500,-9.66
"1 antiga, realce ligado",20261008-161939-f04-16fsk,final,55.750,-11.15
"1 antiga, realce ligado",20261008-161939-f04-16fsk,final,56.000,-12.42
"1 antiga, realce ligado",20261008-161939-f04-16fsk,final,56.250,-12.36
"1 antiga, realce ligado",20261008-161939-f04-16fsk,final,56.500,-12.71
"1 antiga, realce ligado",20261008-161939-f04-16fsk,final,56.750,-14.12
"1 antiga, realce ligado",20261008-161939-f04-16fsk,final,57.000,-14.64
"1 antiga, realce ligado",20261008-161939-f04-16fsk,final,57.250,-15.77
"1 antiga, realce ligado",20261008-161939-f04-16fsk,final,57.500,-14.12
"1 antiga, realce ligado",20261008-161939-f04-16fsk,final,57.750,-12.82
"1 antiga, realce ligado",20261008-161939-f04-16fsk,final,58.000,-10.68
"1 antiga, realce ligado",20261008-161939-f04-16fsk,final,58.250,-10.11
"1 antiga, realce ligado",20261008-161939-f04-16fsk,final,58.500,-9.14
"1 antiga, realce ligado",20261008-161939-f04-16fsk,final,58.750,-8.34
"1 antiga, realce ligado",20261008-161939-f04-16fsk,final,59.000,-9.36
"1 antiga, realce ligado",20261008-161939-f04-16fsk,final,59.250,-9.98
"1 antiga, realce ligado",20261008-161939-f04-16fsk,final,59.500,-11.94
"1 antiga, realce ligado",20261008-161939-f04-16fsk,final,59.750,-16.67
"1 antiga, realce ligado",20261008-162232-f04-16fsk-b,lider,-5.000,-40.58
"1 antiga, realce ligado",20261008-162232-f04-16fsk-b,lider,-4.750,-38.40
"1 antiga, realce ligado",20261008-162232-f04-16fsk-b,lider,-4.500,-36.22
"1 antiga, realce ligado",20261008-162232-f04-16fsk-b,lider,-4.250,-35.92
"1 antiga, realce ligado",20261008-162232-f04-16fsk-b,lider,-4.000,-33.69
"1 antiga, realce ligado",20261008-162232-f04-16fsk-b,lider,-3.750,-33.11
"1 antiga, realce ligado",20261008-162232-f04-16fsk-b,lider,-3.500,-31.52
"1 antiga, realce ligado",20261008-162232-f04-16fsk-b,lider,-3.250,-29.84
"1 antiga, realce ligado",20261008-162232-f04-16fsk-b,lider,-3.000,-29.03
"1 antiga, realce ligado",20261008-162232-f04-16fsk-b,lider,-2.750,-26.39
"1 antiga, realce ligado",20261008-162232-f04-16fsk-b,lider,-2.500,-25.73
"1 antiga, realce ligado",20261008-162232-f04-16fsk-b,lider,-2.250,-23.30
"1 antiga, realce ligado",20261008-162232-f04-16fsk-b,lider,-2.000,-21.46
"1 antiga, realce ligado",20261008-162232-f04-16fsk-b,lider,-1.750,-20.00
"1 antiga, realce ligado",20261008-162232-f04-16fsk-b,lider,-1.500,-16.06
"1 antiga, realce ligado",20261008-162232-f04-16fsk-b,lider,-1.250,-13.23
"1 antiga, realce ligado",20261008-162232-f04-16fsk-b,lider,-1.000,-7.68
"1 antiga, realce ligado",20261008-162232-f04-16fsk-b,lider,-0.750,-5.43
"1 antiga, realce ligado",20261008-162232-f04-16fsk-b,lider,-0.500,-2.04
"1 antiga, realce ligado",20261008-162232-f04-16fsk-b,lider,-0.250,-0.08
"1 antiga, realce ligado",20261008-162232-f04-16fsk-b,lider,0.000,-0.34
"1 antiga, realce ligado",20261008-162232-f04-16fsk-b,lider,0.250,-0.72
"1 antiga, realce ligado",20261008-162232-f04-16fsk-b,lider,0.500,-2.10
"1 antiga, realce ligado",20261008-162232-f04-16fsk-b,lider,0.750,-5.25
"1 antiga, realce ligado",20261008-162232-f04-16fsk-b,lider,1.000,-6.22
"1 antiga, realce ligado",20261008-162232-f04-16fsk-b,lider,1.250,-6.21
"1 antiga, realce ligado",20261008-162232-f04-16fsk-b,lider,1.500,-5.96
"1 antiga, realce ligado",20261008-162232-f04-16fsk-b,lider,1.750,-6.03
"1 antiga, realce ligado",20261008-162232-f04-16fsk-b,lider,2.000,-6.15
"1 antiga, realce ligado",20261008-162232-f04-16fsk-b,lider,2.250,-6.53
"1 antiga, realce ligado",20261008-162232-f04-16fsk-b,lider,2.500,-8.95
"1 antiga, realce ligado",20261008-162232-f04-16fsk-b,lider,2.750,-10.94
"1 antiga, realce ligado",20261008-162232-f04-16fsk-b,lider,3.000,-9.36
"1 antiga, realce ligado",20261008-162232-f04-16fsk-b,lider,3.250,-5.64
"1 antiga, realce ligado",20261008-162232-f04-16fsk-b,lider,3.500,-4.18
"1 antiga, realce ligado",20261008-162232-f04-16fsk-b,lider,3.750,-3.44
"1 antiga, realce ligado",20261008-162232-f04-16fsk-b,lider,4.000,-3.02
"1 antiga, realce ligado",20261008-162232-f04-16fsk-b,lider,4.250,-4.10
"1 antiga, realce ligado",20261008-162232-f04-16fsk-b,lider,4.500,-5.64
"1 antiga, realce ligado",20261008-162232-f04-16fsk-b,lider,4.750,-6.71
"1 antiga, realce ligado",20261008-162232-f04-16fsk-b,lider,5.000,-6.82
"1 antiga, realce ligado",20261008-162232-f04-16fsk-b,lider,5.250,-7.47
"1 antiga, realce ligado",20261008-162232-f04-16fsk-b,lider,5.500,-7.47
"1 antiga, realce ligado",20261008-162232-f04-16fsk-b,lider,5.750,-7.89
"1 antiga, realce ligado",20261008-162232-f04-16fsk-b,lider,6.000,-10.25
"1 antiga, realce ligado",20261008-162232-f04-16fsk-b,lider,6.250,-11.77
"1 antiga, realce ligado",20261008-162232-f04-16fsk-b,lider,6.500,-11.93
"1 antiga, realce ligado",20261008-162232-f04-16fsk-b,lider,6.750,-11.30
"1 antiga, realce ligado",20261008-162232-f04-16fsk-b,lider,7.000,-11.16
"1 antiga, realce ligado",20261008-162232-f04-16fsk-b,lider,7.250,-11.76
"1 antiga, realce ligado",20261008-162232-f04-16fsk-b,lider,7.500,-13.73
"1 antiga, realce ligado",20261008-162232-f04-16fsk-b,lider,7.750,-14.01
"1 antiga, realce ligado",20261008-162232-f04-16fsk-b,lider,8.000,-13.77
"1 antiga, realce ligado",20261008-162232-f04-16fsk-b,lider,8.250,-12.58
"1 antiga, realce ligado",20261008-162232-f04-16fsk-b,lider,8.500,-13.22
"1 antiga, realce ligado",20261008-162232-f04-16fsk-b,lider,8.750,-14.58
"1 antiga, realce ligado",20261008-162232-f04-16fsk-b,lider,9.000,-15.61
"1 antiga, realce ligado",20261008-162232-f04-16fsk-b,lider,9.250,-14.08
"1 antiga, realce ligado",20261008-162232-f04-16fsk-b,lider,9.500,-12.98
"1 antiga, realce ligado",20261008-162232-f04-16fsk-b,lider,9.750,-12.85
"1 antiga, realce ligado",20261008-162232-f04-16fsk-b,lider,10.000,-12.99
"1 antiga, realce ligado",20261008-162232-f04-16fsk-b,lider,10.250,-15.78
"1 antiga, realce ligado",20261008-162232-f04-16fsk-b,lider,10.500,-16.05
"1 antiga, realce ligado",20261008-162232-f04-16fsk-b,lider,10.750,-12.94
"1 antiga, realce ligado",20261008-162232-f04-16fsk-b,lider,11.000,-12.57
"1 antiga, realce ligado",20261008-162232-f04-16fsk-b,lider,11.250,-9.19
"1 antiga, realce ligado",20261008-162232-f04-16fsk-b,lider,11.500,-9.01
"1 antiga, realce ligado",20261008-162232-f04-16fsk-b,lider,11.750,-7.42
"1 antiga, realce ligado",20261008-162232-f04-16fsk-b,lider,12.000,-5.70
"1 antiga, realce ligado",20261008-162232-f04-16fsk-b,lider,12.250,-6.44
"1 antiga, realce ligado",20261008-162232-f04-16fsk-b,lider,12.500,-6.61
"1 antiga, realce ligado",20261008-162232-f04-16fsk-b,lider,12.750,-8.59
"1 antiga, realce ligado",20261008-162232-f04-16fsk-b,lider,13.000,-12.81
"1 antiga, realce ligado",20261008-162232-f04-16fsk-b,lider,13.250,-13.19
"1 antiga, realce ligado",20261008-162232-f04-16fsk-b,lider,13.500,-12.98
"1 antiga, realce ligado",20261008-162232-f04-16fsk-b,lider,13.750,-9.74
"1 antiga, realce ligado",20261008-162232-f04-16fsk-b,lider,14.000,-6.36
"1 antiga, realce ligado",20261008-162232-f04-16fsk-b,lider,14.250,-6.11
"1 antiga, realce ligado",20261008-162232-f04-16fsk-b,lider,14.500,-6.19
"1 antiga, realce ligado",20261008-162232-f04-16fsk-b,lider,14.750,-7.41
"1 antiga, realce ligado",20261008-162232-f04-16fsk-b,lider,15.000,-13.34
"1 antiga, realce ligado",20261008-162232-f04-16fsk-b,lider,15.250,-14.37
"1 antiga, realce ligado",20261008-162232-f04-16fsk-b,lider,15.500,-13.87
"1 antiga, realce ligado",20261008-162232-f04-16fsk-b,lider,15.750,-12.26
"1 antiga, realce ligado",20261008-162232-f04-16fsk-b,lider,16.000,-11.10
"1 antiga, realce ligado",20261008-162232-f04-16fsk-b,lider,16.250,-11.40
"1 antiga, realce ligado",20261008-162232-f04-16fsk-b,lider,16.500,-11.46
"1 antiga, realce ligado",20261008-162232-f04-16fsk-b,lider,16.750,-10.75
"1 antiga, realce ligado",20261008-162232-f04-16fsk-b,lider,17.000,-10.83
"1 antiga, realce ligado",20261008-162232-f04-16fsk-b,lider,17.250,-10.45
"1 antiga, realce ligado",20261008-162232-f04-16fsk-b,lider,17.500,-10.22
"1 antiga, realce ligado",20261008-162232-f04-16fsk-b,lider,17.750,-11.82
"1 antiga, realce ligado",20261008-162232-f04-16fsk-b,lider,18.000,-13.05
"1 antiga, realce ligado",20261008-162232-f04-16fsk-b,lider,18.250,-15.83
"1 antiga, realce ligado",20261008-162232-f04-16fsk-b,lider,18.500,-16.40
"1 antiga, realce ligado",20261008-162232-f04-16fsk-b,lider,18.750,-15.53
"1 antiga, realce ligado",20261008-162232-f04-16fsk-b,lider,19.000,-14.96
"1 antiga, realce ligado",20261008-162232-f04-16fsk-b,lider,19.250,-14.74
"1 antiga, realce ligado",20261008-162232-f04-16fsk-b,lider,19.500,-14.64
"1 antiga, realce ligado",20261008-162232-f04-16fsk-b,lider,19.750,-13.36
"1 antiga, realce ligado",20261008-162232-f04-16fsk-b,lider,20.000,-13.08
"1 antiga, realce ligado",20261008-162232-f04-16fsk-b,lider,20.250,-13.11
"1 antiga, realce ligado",20261008-162232-f04-16fsk-b,lider,20.500,-13.43
"1 antiga, realce ligado",20261008-162232-f04-16fsk-b,lider,20.750,-15.27
"1 antiga, realce ligado",20261008-162232-f04-16fsk-b,lider,21.000,-14.23
"1 antiga, realce ligado",20261008-162232-f04-16fsk-b,lider,21.250,-13.38
"1 antiga, realce ligado",20261008-162232-f04-16fsk-b,lider,21.500,-13.12
"1 antiga, realce ligado",20261008-162232-f04-16fsk-b,lider,21.750,-12.17
"1 antiga, realce ligado",20261008-162232-f04-16fsk-b,lider,22.000,-13.29
"1 antiga, realce ligado",20261008-162232-f04-16fsk-b,lider,22.250,-14.14
"1 antiga, realce ligado",20261008-162232-f04-16fsk-b,lider,22.500,-14.88
"1 antiga, realce ligado",20261008-162232-f04-16fsk-b,lider,22.750,-16.90
"1 antiga, realce ligado",20261008-162232-f04-16fsk-b,lider,23.000,-16.19
"1 antiga, realce ligado",20261008-162232-f04-16fsk-b,lider,23.250,-14.13
"1 antiga, realce ligado",20261008-162232-f04-16fsk-b,lider,23.500,-13.37
"1 antiga, realce ligado",20261008-162232-f04-16fsk-b,lider,23.750,-13.03
"1 antiga, realce ligado",20261008-162232-f04-16fsk-b,lider,24.000,-13.80
"1 antiga, realce ligado",20261008-162232-f04-16fsk-b,lider,24.250,-16.42
"1 antiga, realce ligado",20261008-162232-f04-16fsk-b,lider,24.500,-16.46
"1 antiga, realce ligado",20261008-162232-f04-16fsk-b,lider,24.750,-15.13
"1 antiga, realce ligado",20261008-162232-f04-16fsk-b,lider,25.000,-14.05
"1 antiga, realce ligado",20261008-162232-f04-16fsk-b,lider,25.250,-10.59
"1 antiga, realce ligado",20261008-162232-f04-16fsk-b,lider,25.500,-10.01
"1 antiga, realce ligado",20261008-162232-f04-16fsk-b,lider,25.750,-10.55
"1 antiga, realce ligado",20261008-162232-f04-16fsk-b,lider,26.000,-10.23
"1 antiga, realce ligado",20261008-162232-f04-16fsk-b,lider,26.250,-12.09
"1 antiga, realce ligado",20261008-162232-f04-16fsk-b,lider,26.500,-13.51
"1 antiga, realce ligado",20261008-162232-f04-16fsk-b,lider,26.750,-13.38
"1 antiga, realce ligado",20261008-162232-f04-16fsk-b,lider,27.000,-14.99
"1 antiga, realce ligado",20261008-162232-f04-16fsk-b,lider,27.250,-15.25
"1 antiga, realce ligado",20261008-162232-f04-16fsk-b,lider,27.500,-15.24
"1 antiga, realce ligado",20261008-162232-f04-16fsk-b,lider,27.750,-15.65
"1 antiga, realce ligado",20261008-162232-f04-16fsk-b,lider,28.000,-15.24
"1 antiga, realce ligado",20261008-162232-f04-16fsk-b,lider,28.250,-17.59
"1 antiga, realce ligado",20261008-162232-f04-16fsk-b,lider,28.500,-18.60
"1 antiga, realce ligado",20261008-162232-f04-16fsk-b,lider,28.750,-18.17
"1 antiga, realce ligado",20261008-162232-f04-16fsk-b,lider,29.000,-19.68
"1 antiga, realce ligado",20261008-162232-f04-16fsk-b,lider,29.250,-19.76
"1 antiga, realce ligado",20261008-162232-f04-16fsk-b,lider,29.500,-21.98
"1 antiga, realce ligado",20261008-162232-f04-16fsk-b,lider,29.750,-23.22
"1 antiga, realce ligado",20261008-162232-f04-16fsk-b,lider,30.000,-21.77
"1 antiga, realce ligado",20261008-162232-f04-16fsk-b,lider,30.250,-17.74
"1 antiga, realce ligado",20261008-162232-f04-16fsk-b,lider,30.500,-14.62
"1 antiga, realce ligado",20261008-162232-f04-16fsk-b,lider,30.750,-14.28
"1 antiga, realce ligado",20261008-162232-f04-16fsk-b,lider,31.000,-14.33
"1 antiga, realce ligado",20261008-162232-f04-16fsk-b,lider,31.250,-14.87
"1 antiga, realce ligado",20261008-162232-f04-16fsk-b,lider,31.500,-16.86
"1 antiga, realce ligado",20261008-162232-f04-16fsk-b,lider,31.750,-17.93
"1 antiga, realce ligado",20261008-162232-f04-16fsk-b,lider,32.000,-17.41
"1 antiga, realce ligado",20261008-162232-f04-16fsk-b,lider,32.250,-18.32
"1 antiga, realce ligado",20261008-162232-f04-16fsk-b,lider,32.500,-18.44
"1 antiga, realce ligado",20261008-162232-f04-16fsk-b,lider,32.750,-16.95
"1 antiga, realce ligado",20261008-162232-f04-16fsk-b,lider,33.000,-17.58
"1 antiga, realce ligado",20261008-162232-f04-16fsk-b,lider,33.250,-18.50
"1 antiga, realce ligado",20261008-162232-f04-16fsk-b,lider,33.500,-19.17
"1 antiga, realce ligado",20261008-162232-f04-16fsk-b,lider,33.750,-19.76
"1 antiga, realce ligado",20261008-162232-f04-16fsk-b,lider,34.000,-17.45
"1 antiga, realce ligado",20261008-162232-f04-16fsk-b,lider,34.250,-15.94
"1 antiga, realce ligado",20261008-162232-f04-16fsk-b,lider,34.500,-13.78
"1 antiga, realce ligado",20261008-162232-f04-16fsk-b,lider,34.750,-11.86
"1 antiga, realce ligado",20261008-162232-f04-16fsk-b,lider,35.000,-12.07
"1 antiga, realce ligado",20261008-162232-f04-16fsk-b,lider,35.250,-10.57
"1 antiga, realce ligado",20261008-162232-f04-16fsk-b,lider,35.500,-10.17
"1 antiga, realce ligado",20261008-162232-f04-16fsk-b,lider,35.750,-10.86
"1 antiga, realce ligado",20261008-162232-f04-16fsk-b,lider,36.000,-10.53
"1 antiga, realce ligado",20261008-162232-f04-16fsk-b,lider,36.250,-12.28
"1 antiga, realce ligado",20261008-162232-f04-16fsk-b,lider,36.500,-13.73
"1 antiga, realce ligado",20261008-162232-f04-16fsk-b,lider,36.750,-13.73
"1 antiga, realce ligado",20261008-162232-f04-16fsk-b,lider,37.000,-12.50
"1 antiga, realce ligado",20261008-162232-f04-16fsk-b,lider,37.250,-11.49
"1 antiga, realce ligado",20261008-162232-f04-16fsk-b,lider,37.500,-12.19
"1 antiga, realce ligado",20261008-162232-f04-16fsk-b,lider,37.750,-13.07
"1 antiga, realce ligado",20261008-162232-f04-16fsk-b,lider,38.000,-15.80
"1 antiga, realce ligado",20261008-162232-f04-16fsk-b,lider,38.250,-20.47
"1 antiga, realce ligado",20261008-162232-f04-16fsk-b,lider,38.500,-18.59
"1 antiga, realce ligado",20261008-162232-f04-16fsk-b,lider,38.750,-13.33
"1 antiga, realce ligado",20261008-162232-f04-16fsk-b,lider,39.000,-10.51
"1 antiga, realce ligado",20261008-162232-f04-16fsk-b,lider,39.250,-10.09
"1 antiga, realce ligado",20261008-162232-f04-16fsk-b,lider,39.500,-10.27
"1 antiga, realce ligado",20261008-162232-f04-16fsk-b,lider,39.750,-12.01
"1 antiga, realce ligado",20261008-162232-f04-16fsk-b,lider,40.000,-15.31
"1 antiga, realce ligado",20261008-162232-f04-16fsk-b,lider,40.250,-15.03
"1 antiga, realce ligado",20261008-162232-f04-16fsk-b,lider,40.500,-13.43
"1 antiga, realce ligado",20261008-162232-f04-16fsk-b,lider,40.750,-12.99
"1 antiga, realce ligado",20261008-162232-f04-16fsk-b,lider,41.000,-13.78
"1 antiga, realce ligado",20261008-162232-f04-16fsk-b,lider,41.250,-14.06
"1 antiga, realce ligado",20261008-162232-f04-16fsk-b,lider,41.500,-15.34
"1 antiga, realce ligado",20261008-162232-f04-16fsk-b,lider,41.750,-15.87
"1 antiga, realce ligado",20261008-162232-f04-16fsk-b,lider,42.000,-14.06
"1 antiga, realce ligado",20261008-162232-f04-16fsk-b,lider,42.250,-13.16
"1 antiga, realce ligado",20261008-162232-f04-16fsk-b,lider,42.500,-12.98
"1 antiga, realce ligado",20261008-162232-f04-16fsk-b,lider,42.750,-13.38
"1 antiga, realce ligado",20261008-162232-f04-16fsk-b,lider,43.000,-14.85
"1 antiga, realce ligado",20261008-162232-f04-16fsk-b,lider,43.250,-15.03
"1 antiga, realce ligado",20261008-162232-f04-16fsk-b,lider,43.500,-13.72
"1 antiga, realce ligado",20261008-162232-f04-16fsk-b,lider,43.750,-12.90
"1 antiga, realce ligado",20261008-162232-f04-16fsk-b,lider,44.000,-11.48
"1 antiga, realce ligado",20261008-162232-f04-16fsk-b,lider,44.250,-11.97
"1 antiga, realce ligado",20261008-162232-f04-16fsk-b,lider,44.500,-12.73
"1 antiga, realce ligado",20261008-162232-f04-16fsk-b,lider,44.750,-12.87
"1 antiga, realce ligado",20261008-162232-f04-16fsk-b,lider,45.000,-14.65
"1 antiga, realce ligado",20261008-162232-f04-16fsk-b,lider,45.250,-14.13
"1 antiga, realce ligado",20261008-162232-f04-16fsk-b,lider,45.500,-12.89
"1 antiga, realce ligado",20261008-162232-f04-16fsk-b,lider,45.750,-12.42
"1 antiga, realce ligado",20261008-162232-f04-16fsk-b,lider,46.000,-10.87
"1 antiga, realce ligado",20261008-162232-f04-16fsk-b,lider,46.250,-11.16
"1 antiga, realce ligado",20261008-162232-f04-16fsk-b,lider,46.500,-12.10
"1 antiga, realce ligado",20261008-162232-f04-16fsk-b,lider,46.750,-13.02
"1 antiga, realce ligado",20261008-162232-f04-16fsk-b,lider,47.000,-16.22
"1 antiga, realce ligado",20261008-162232-f04-16fsk-b,lider,47.250,-17.15
"1 antiga, realce ligado",20261008-162232-f04-16fsk-b,lider,47.500,-14.21
"1 antiga, realce ligado",20261008-162232-f04-16fsk-b,lider,47.750,-13.15
"1 antiga, realce ligado",20261008-162232-f04-16fsk-b,lider,48.000,-13.35
"1 antiga, realce ligado",20261008-162232-f04-16fsk-b,lider,48.250,-13.06
"1 antiga, realce ligado",20261008-162232-f04-16fsk-b,lider,48.500,-15.73
"1 antiga, realce ligado",20261008-162232-f04-16fsk-b,lider,48.750,-18.67
"1 antiga, realce ligado",20261008-162232-f04-16fsk-b,lider,49.000,-19.06
"1 antiga, realce ligado",20261008-162232-f04-16fsk-b,lider,49.250,-18.15
"1 antiga, realce ligado",20261008-162232-f04-16fsk-b,lider,49.500,-16.15
"1 antiga, realce ligado",20261008-162232-f04-16fsk-b,lider,49.750,-15.75
"1 antiga, realce ligado",20261008-162232-f04-16fsk-b,lider,50.000,-15.41
"1 antiga, realce ligado",20261008-162232-f04-16fsk-b,lider,50.250,-16.81
"1 antiga, realce ligado",20261008-162232-f04-16fsk-b,lider,50.500,-20.09
"1 antiga, realce ligado",20261008-162232-f04-16fsk-b,lider,50.750,-17.71
"1 antiga, realce ligado",20261008-162232-f04-16fsk-b,lider,51.000,-14.78
"1 antiga, realce ligado",20261008-162232-f04-16fsk-b,lider,51.250,-14.34
"1 antiga, realce ligado",20261008-162232-f04-16fsk-b,lider,51.500,-13.60
"1 antiga, realce ligado",20261008-162232-f04-16fsk-b,lider,51.750,-14.35
"1 antiga, realce ligado",20261008-162232-f04-16fsk-b,lider,52.000,-16.13
"1 antiga, realce ligado",20261008-162232-f04-16fsk-b,lider,52.250,-16.61
"1 antiga, realce ligado",20261008-162232-f04-16fsk-b,lider,52.500,-18.11
"1 antiga, realce ligado",20261008-162232-f04-16fsk-b,lider,52.750,-17.42
"1 antiga, realce ligado",20261008-162232-f04-16fsk-b,lider,53.000,-16.85
"1 antiga, realce ligado",20261008-162232-f04-16fsk-b,lider,53.250,-17.29
"1 antiga, realce ligado",20261008-162232-f04-16fsk-b,lider,53.500,-16.56
"1 antiga, realce ligado",20261008-162232-f04-16fsk-b,lider,53.750,-15.94
"1 antiga, realce ligado",20261008-162232-f04-16fsk-b,lider,54.000,-16.97
"1 antiga, realce ligado",20261008-162232-f04-16fsk-b,lider,54.250,-17.04
"1 antiga, realce ligado",20261008-162232-f04-16fsk-b,lider,54.500,-18.03
"1 antiga, realce ligado",20261008-162232-f04-16fsk-b,lider,54.750,-21.13
"1 antiga, realce ligado",20261008-162232-f04-16fsk-b,lider,55.000,-22.41
"1 antiga, realce ligado",20261008-162232-f04-16fsk-b,lider,55.250,-18.96
"1 antiga, realce ligado",20261008-162232-f04-16fsk-b,lider,55.500,-18.22
"1 antiga, realce ligado",20261008-162232-f04-16fsk-b,lider,55.750,-18.29
"1 antiga, realce ligado",20261008-162232-f04-16fsk-b,lider,56.000,-17.72
"1 antiga, realce ligado",20261008-162232-f04-16fsk-b,lider,56.250,-16.37
"1 antiga, realce ligado",20261008-162232-f04-16fsk-b,lider,56.500,-13.97
"1 antiga, realce ligado",20261008-162232-f04-16fsk-b,lider,56.750,-13.28
"1 antiga, realce ligado",20261008-162232-f04-16fsk-b,lider,57.000,-13.65
"1 antiga, realce ligado",20261008-162232-f04-16fsk-b,lider,57.250,-15.07
"1 antiga, realce ligado",20261008-162232-f04-16fsk-b,lider,57.500,-19.14
"1 antiga, realce ligado",20261008-162232-f04-16fsk-b,lider,57.750,-21.74
"1 antiga, realce ligado",20261008-162232-f04-16fsk-b,lider,58.000,-20.06
"1 antiga, realce ligado",20261008-162232-f04-16fsk-b,lider,58.250,-20.15
"1 antiga, realce ligado",20261008-162232-f04-16fsk-b,lider,58.500,-19.48
"1 antiga, realce ligado",20261008-162232-f04-16fsk-b,lider,58.750,-20.12
"1 antiga, realce ligado",20261008-162232-f04-16fsk-b,lider,59.000,-20.95
"1 antiga, realce ligado",20261008-162232-f04-16fsk-b,lider,59.250,-20.96
"1 antiga, realce ligado",20261008-162232-f04-16fsk-b,lider,59.500,-19.33
"1 antiga, realce ligado",20261008-162232-f04-16fsk-b,lider,59.750,-19.76
"1 antiga, realce ligado",20261008-162232-f04-16fsk-b,final,-5.000,-6.61
"1 antiga, realce ligado",20261008-162232-f04-16fsk-b,final,-4.750,-5.91
"1 antiga, realce ligado",20261008-162232-f04-16fsk-b,final,-4.500,-5.80
"1 antiga, realce ligado",20261008-162232-f04-16fsk-b,final,-4.250,-8.31
"1 antiga, realce ligado",20261008-162232-f04-16fsk-b,final,-4.000,-10.51
"1 antiga, realce ligado",20261008-162232-f04-16fsk-b,final,-3.750,-9.49
"1 antiga, realce ligado",20261008-162232-f04-16fsk-b,final,-3.500,-6.82
"1 antiga, realce ligado",20261008-162232-f04-16fsk-b,final,-3.250,-5.07
"1 antiga, realce ligado",20261008-162232-f04-16fsk-b,final,-3.000,-4.88
"1 antiga, realce ligado",20261008-162232-f04-16fsk-b,final,-2.750,-5.48
"1 antiga, realce ligado",20261008-162232-f04-16fsk-b,final,-2.500,-7.17
"1 antiga, realce ligado",20261008-162232-f04-16fsk-b,final,-2.250,-7.90
"1 antiga, realce ligado",20261008-162232-f04-16fsk-b,final,-2.000,-5.98
"1 antiga, realce ligado",20261008-162232-f04-16fsk-b,final,-1.750,-3.75
"1 antiga, realce ligado",20261008-162232-f04-16fsk-b,final,-1.500,-2.90
"1 antiga, realce ligado",20261008-162232-f04-16fsk-b,final,-1.250,-3.43
"1 antiga, realce ligado",20261008-162232-f04-16fsk-b,final,-1.000,-4.55
"1 antiga, realce ligado",20261008-162232-f04-16fsk-b,final,-0.750,-4.79
"1 antiga, realce ligado",20261008-162232-f04-16fsk-b,final,-0.500,-2.48
"1 antiga, realce ligado",20261008-162232-f04-16fsk-b,final,-0.250,-0.52
"1 antiga, realce ligado",20261008-162232-f04-16fsk-b,final,0.000,-0.00
"1 antiga, realce ligado",20261008-162232-f04-16fsk-b,final,0.250,-0.60
"1 antiga, realce ligado",20261008-162232-f04-16fsk-b,final,0.500,-1.97
"1 antiga, realce ligado",20261008-162232-f04-16fsk-b,final,0.750,-2.91
"1 antiga, realce ligado",20261008-162232-f04-16fsk-b,final,1.000,-2.33
"1 antiga, realce ligado",20261008-162232-f04-16fsk-b,final,1.250,-1.75
"1 antiga, realce ligado",20261008-162232-f04-16fsk-b,final,1.500,-2.19
"1 antiga, realce ligado",20261008-162232-f04-16fsk-b,final,1.750,-4.08
"1 antiga, realce ligado",20261008-162232-f04-16fsk-b,final,2.000,-6.59
"1 antiga, realce ligado",20261008-162232-f04-16fsk-b,final,2.250,-6.97
"1 antiga, realce ligado",20261008-162232-f04-16fsk-b,final,2.500,-5.90
"1 antiga, realce ligado",20261008-162232-f04-16fsk-b,final,2.750,-5.07
"1 antiga, realce ligado",20261008-162232-f04-16fsk-b,final,3.000,-5.32
"1 antiga, realce ligado",20261008-162232-f04-16fsk-b,final,3.250,-6.82
"1 antiga, realce ligado",20261008-162232-f04-16fsk-b,final,3.500,-8.16
"1 antiga, realce ligado",20261008-162232-f04-16fsk-b,final,3.750,-8.11
"1 antiga, realce ligado",20261008-162232-f04-16fsk-b,final,4.000,-7.70
"1 antiga, realce ligado",20261008-162232-f04-16fsk-b,final,4.250,-6.95
"1 antiga, realce ligado",20261008-162232-f04-16fsk-b,final,4.500,-6.68
"1 antiga, realce ligado",20261008-162232-f04-16fsk-b,final,4.750,-7.20
"1 antiga, realce ligado",20261008-162232-f04-16fsk-b,final,5.000,-8.08
"1 antiga, realce ligado",20261008-162232-f04-16fsk-b,final,5.250,-8.68
"1 antiga, realce ligado",20261008-162232-f04-16fsk-b,final,5.500,-7.04
"1 antiga, realce ligado",20261008-162232-f04-16fsk-b,final,5.750,-5.86
"1 antiga, realce ligado",20261008-162232-f04-16fsk-b,final,6.000,-5.34
"1 antiga, realce ligado",20261008-162232-f04-16fsk-b,final,6.250,-5.56
"1 antiga, realce ligado",20261008-162232-f04-16fsk-b,final,6.500,-7.41
"1 antiga, realce ligado",20261008-162232-f04-16fsk-b,final,6.750,-8.73
"1 antiga, realce ligado",20261008-162232-f04-16fsk-b,final,7.000,-8.35
"1 antiga, realce ligado",20261008-162232-f04-16fsk-b,final,7.250,-7.55
"1 antiga, realce ligado",20261008-162232-f04-16fsk-b,final,7.500,-7.69
"1 antiga, realce ligado",20261008-162232-f04-16fsk-b,final,7.750,-9.12
"1 antiga, realce ligado",20261008-162232-f04-16fsk-b,final,8.000,-11.08
"1 antiga, realce ligado",20261008-162232-f04-16fsk-b,final,8.250,-11.43
"1 antiga, realce ligado",20261008-162232-f04-16fsk-b,final,8.500,-9.44
"1 antiga, realce ligado",20261008-162232-f04-16fsk-b,final,8.750,-9.01
"1 antiga, realce ligado",20261008-162232-f04-16fsk-b,final,9.000,-9.44
"1 antiga, realce ligado",20261008-162232-f04-16fsk-b,final,9.250,-9.93
"1 antiga, realce ligado",20261008-162232-f04-16fsk-b,final,9.500,-9.72
"1 antiga, realce ligado",20261008-162232-f04-16fsk-b,final,9.750,-8.82
"1 antiga, realce ligado",20261008-162232-f04-16fsk-b,final,10.000,-8.38
"1 antiga, realce ligado",20261008-162232-f04-16fsk-b,final,10.250,-9.16
"1 antiga, realce ligado",20261008-162232-f04-16fsk-b,final,10.500,-10.63
"1 antiga, realce ligado",20261008-162232-f04-16fsk-b,final,10.750,-10.62
"1 antiga, realce ligado",20261008-162232-f04-16fsk-b,final,11.000,-8.52
"1 antiga, realce ligado",20261008-162232-f04-16fsk-b,final,11.250,-7.53
"1 antiga, realce ligado",20261008-162232-f04-16fsk-b,final,11.500,-7.84
"1 antiga, realce ligado",20261008-162232-f04-16fsk-b,final,11.750,-8.19
"1 antiga, realce ligado",20261008-162232-f04-16fsk-b,final,12.000,-6.57
"1 antiga, realce ligado",20261008-162232-f04-16fsk-b,final,12.250,-4.71
"1 antiga, realce ligado",20261008-162232-f04-16fsk-b,final,12.500,-3.93
"1 antiga, realce ligado",20261008-162232-f04-16fsk-b,final,12.750,-4.14
"1 antiga, realce ligado",20261008-162232-f04-16fsk-b,final,13.000,-4.81
"1 antiga, realce ligado",20261008-162232-f04-16fsk-b,final,13.250,-5.37
"1 antiga, realce ligado",20261008-162232-f04-16fsk-b,final,13.500,-4.87
"1 antiga, realce ligado",20261008-162232-f04-16fsk-b,final,13.750,-4.16
"1 antiga, realce ligado",20261008-162232-f04-16fsk-b,final,14.000,-4.92
"1 antiga, realce ligado",20261008-162232-f04-16fsk-b,final,14.250,-6.51
"1 antiga, realce ligado",20261008-162232-f04-16fsk-b,final,14.500,-7.16
"1 antiga, realce ligado",20261008-162232-f04-16fsk-b,final,14.750,-7.39
"1 antiga, realce ligado",20261008-162232-f04-16fsk-b,final,15.000,-7.60
"1 antiga, realce ligado",20261008-162232-f04-16fsk-b,final,15.250,-8.06
"1 antiga, realce ligado",20261008-162232-f04-16fsk-b,final,15.500,-10.08
"1 antiga, realce ligado",20261008-162232-f04-16fsk-b,final,15.750,-11.34
"1 antiga, realce ligado",20261008-162232-f04-16fsk-b,final,16.000,-12.13
"1 antiga, realce ligado",20261008-162232-f04-16fsk-b,final,16.250,-10.98
"1 antiga, realce ligado",20261008-162232-f04-16fsk-b,final,16.500,-8.90
"1 antiga, realce ligado",20261008-162232-f04-16fsk-b,final,16.750,-9.57
"1 antiga, realce ligado",20261008-162232-f04-16fsk-b,final,17.000,-8.75
"1 antiga, realce ligado",20261008-162232-f04-16fsk-b,final,17.250,-6.31
"1 antiga, realce ligado",20261008-162232-f04-16fsk-b,final,17.500,-5.54
"1 antiga, realce ligado",20261008-162232-f04-16fsk-b,final,17.750,-5.22
"1 antiga, realce ligado",20261008-162232-f04-16fsk-b,final,18.000,-5.03
"1 antiga, realce ligado",20261008-162232-f04-16fsk-b,final,18.250,-6.01
"1 antiga, realce ligado",20261008-162232-f04-16fsk-b,final,18.500,-6.27
"1 antiga, realce ligado",20261008-162232-f04-16fsk-b,final,18.750,-6.02
"1 antiga, realce ligado",20261008-162232-f04-16fsk-b,final,19.000,-5.56
"1 antiga, realce ligado",20261008-162232-f04-16fsk-b,final,19.250,-6.18
"1 antiga, realce ligado",20261008-162232-f04-16fsk-b,final,19.500,-7.49
"1 antiga, realce ligado",20261008-162232-f04-16fsk-b,final,19.750,-8.13
"1 antiga, realce ligado",20261008-162232-f04-16fsk-b,final,20.000,-8.97
"1 antiga, realce ligado",20261008-162232-f04-16fsk-b,final,20.250,-9.30
"1 antiga, realce ligado",20261008-162232-f04-16fsk-b,final,20.500,-9.55
"1 antiga, realce ligado",20261008-162232-f04-16fsk-b,final,20.750,-8.99
"1 antiga, realce ligado",20261008-162232-f04-16fsk-b,final,21.000,-10.33
"1 antiga, realce ligado",20261008-162232-f04-16fsk-b,final,21.250,-9.92
"1 antiga, realce ligado",20261008-162232-f04-16fsk-b,final,21.500,-9.93
"1 antiga, realce ligado",20261008-162232-f04-16fsk-b,final,21.750,-9.69
"1 antiga, realce ligado",20261008-162232-f04-16fsk-b,final,22.000,-8.35
"1 antiga, realce ligado",20261008-162232-f04-16fsk-b,final,22.250,-7.68
"1 antiga, realce ligado",20261008-162232-f04-16fsk-b,final,22.500,-8.27
"1 antiga, realce ligado",20261008-162232-f04-16fsk-b,final,22.750,-9.52
"1 antiga, realce ligado",20261008-162232-f04-16fsk-b,final,23.000,-11.48
"1 antiga, realce ligado",20261008-162232-f04-16fsk-b,final,23.250,-11.91
"1 antiga, realce ligado",20261008-162232-f04-16fsk-b,final,23.500,-10.03
"1 antiga, realce ligado",20261008-162232-f04-16fsk-b,final,23.750,-10.25
"1 antiga, realce ligado",20261008-162232-f04-16fsk-b,final,24.000,-9.90
"1 antiga, realce ligado",20261008-162232-f04-16fsk-b,final,24.250,-10.01
"1 antiga, realce ligado",20261008-162232-f04-16fsk-b,final,24.500,-10.57
"1 antiga, realce ligado",20261008-162232-f04-16fsk-b,final,24.750,-10.06
"1 antiga, realce ligado",20261008-162232-f04-16fsk-b,final,25.000,-9.07
"1 antiga, realce ligado",20261008-162232-f04-16fsk-b,final,25.250,-7.91
"1 antiga, realce ligado",20261008-162232-f04-16fsk-b,final,25.500,-7.97
"1 antiga, realce ligado",20261008-162232-f04-16fsk-b,final,25.750,-8.02
"1 antiga, realce ligado",20261008-162232-f04-16fsk-b,final,26.000,-9.15
"1 antiga, realce ligado",20261008-162232-f04-16fsk-b,final,26.250,-10.75
"1 antiga, realce ligado",20261008-162232-f04-16fsk-b,final,26.500,-11.25
"1 antiga, realce ligado",20261008-162232-f04-16fsk-b,final,26.750,-10.19
"1 antiga, realce ligado",20261008-162232-f04-16fsk-b,final,27.000,-8.54
"1 antiga, realce ligado",20261008-162232-f04-16fsk-b,final,27.250,-8.52
"1 antiga, realce ligado",20261008-162232-f04-16fsk-b,final,27.500,-8.82
"1 antiga, realce ligado",20261008-162232-f04-16fsk-b,final,27.750,-9.95
"1 antiga, realce ligado",20261008-162232-f04-16fsk-b,final,28.000,-11.53
"1 antiga, realce ligado",20261008-162232-f04-16fsk-b,final,28.250,-12.43
"1 antiga, realce ligado",20261008-162232-f04-16fsk-b,final,28.500,-12.23
"1 antiga, realce ligado",20261008-162232-f04-16fsk-b,final,28.750,-12.05
"1 antiga, realce ligado",20261008-162232-f04-16fsk-b,final,29.000,-12.87
"1 antiga, realce ligado",20261008-162232-f04-16fsk-b,final,29.250,-14.84
"1 antiga, realce ligado",20261008-162232-f04-16fsk-b,final,29.500,-16.24
"1 antiga, realce ligado",20261008-162232-f04-16fsk-b,final,29.750,-17.30
"1 antiga, realce ligado",20261008-162232-f04-16fsk-b,final,30.000,-16.65
"1 antiga, realce ligado",20261008-162232-f04-16fsk-b,final,30.250,-16.40
"1 antiga, realce ligado",20261008-162232-f04-16fsk-b,final,30.500,-13.57
"1 antiga, realce ligado",20261008-162232-f04-16fsk-b,final,30.750,-12.08
"1 antiga, realce ligado",20261008-162232-f04-16fsk-b,final,31.000,-12.15
"1 antiga, realce ligado",20261008-162232-f04-16fsk-b,final,31.250,-10.26
"1 antiga, realce ligado",20261008-162232-f04-16fsk-b,final,31.500,-9.59
"1 antiga, realce ligado",20261008-162232-f04-16fsk-b,final,31.750,-9.46
"1 antiga, realce ligado",20261008-162232-f04-16fsk-b,final,32.000,-9.48
"1 antiga, realce ligado",20261008-162232-f04-16fsk-b,final,32.250,-10.96
"1 antiga, realce ligado",20261008-162232-f04-16fsk-b,final,32.500,-13.30
"1 antiga, realce ligado",20261008-162232-f04-16fsk-b,final,32.750,-14.73
"1 antiga, realce ligado",20261008-162232-f04-16fsk-b,final,33.000,-14.76
"1 antiga, realce ligado",20261008-162232-f04-16fsk-b,final,33.250,-15.33
"1 antiga, realce ligado",20261008-162232-f04-16fsk-b,final,33.500,-15.41
"1 antiga, realce ligado",20261008-162232-f04-16fsk-b,final,33.750,-16.68
"1 antiga, realce ligado",20261008-162232-f04-16fsk-b,final,34.000,-16.62
"1 antiga, realce ligado",20261008-162232-f04-16fsk-b,final,34.250,-14.98
"1 antiga, realce ligado",20261008-162232-f04-16fsk-b,final,34.500,-15.61
"1 antiga, realce ligado",20261008-162232-f04-16fsk-b,final,34.750,-14.74
"1 antiga, realce ligado",20261008-162232-f04-16fsk-b,final,35.000,-14.91
"1 antiga, realce ligado",20261008-162232-f04-16fsk-b,final,35.250,-13.84
"1 antiga, realce ligado",20261008-162232-f04-16fsk-b,final,35.500,-12.45
"1 antiga, realce ligado",20261008-162232-f04-16fsk-b,final,35.750,-12.46
"1 antiga, realce ligado",20261008-162232-f04-16fsk-b,final,36.000,-11.45
"1 antiga, realce ligado",20261008-162232-f04-16fsk-b,final,36.250,-12.62
"1 antiga, realce ligado",20261008-162232-f04-16fsk-b,final,36.500,-12.73
"1 antiga, realce ligado",20261008-162232-f04-16fsk-b,final,36.750,-12.89
"1 antiga, realce ligado",20261008-162232-f04-16fsk-b,final,37.000,-13.67
"1 antiga, realce ligado",20261008-162232-f04-16fsk-b,final,37.250,-12.97
"1 antiga, realce ligado",20261008-162232-f04-16fsk-b,final,37.500,-14.25
"1 antiga, realce ligado",20261008-162232-f04-16fsk-b,final,37.750,-12.73
"1 antiga, realce ligado",20261008-162232-f04-16fsk-b,final,38.000,-12.98
"1 antiga, realce ligado",20261008-162232-f04-16fsk-b,final,38.250,-12.96
"1 antiga, realce ligado",20261008-162232-f04-16fsk-b,final,38.500,-13.36
"1 antiga, realce ligado",20261008-162232-f04-16fsk-b,final,38.750,-15.18
"1 antiga, realce ligado",20261008-162232-f04-16fsk-b,final,39.000,-16.20
"1 antiga, realce ligado",20261008-162232-f04-16fsk-b,final,39.250,-16.56
"1 antiga, realce ligado",20261008-162232-f04-16fsk-b,final,39.500,-13.44
"1 antiga, realce ligado",20261008-162232-f04-16fsk-b,final,39.750,-13.29
"1 antiga, realce ligado",20261008-162232-f04-16fsk-b,final,40.000,-11.88
"1 antiga, realce ligado",20261008-162232-f04-16fsk-b,final,40.250,-12.25
"1 antiga, realce ligado",20261008-162232-f04-16fsk-b,final,40.500,-11.22
"1 antiga, realce ligado",20261008-162232-f04-16fsk-b,final,40.750,-9.71
"1 antiga, realce ligado",20261008-162232-f04-16fsk-b,final,41.000,-9.80
"1 antiga, realce ligado",20261008-162232-f04-16fsk-b,final,41.250,-9.46
"1 antiga, realce ligado",20261008-162232-f04-16fsk-b,final,41.500,-10.45
"1 antiga, realce ligado",20261008-162232-f04-16fsk-b,final,41.750,-11.18
"1 antiga, realce ligado",20261008-162232-f04-16fsk-b,final,42.000,-11.31
"1 antiga, realce ligado",20261008-162232-f04-16fsk-b,final,42.250,-11.30
"1 antiga, realce ligado",20261008-162232-f04-16fsk-b,final,42.500,-11.90
"1 antiga, realce ligado",20261008-162232-f04-16fsk-b,final,42.750,-12.46
"1 antiga, realce ligado",20261008-162232-f04-16fsk-b,final,43.000,-11.35
"1 antiga, realce ligado",20261008-162232-f04-16fsk-b,final,43.250,-11.54
"1 antiga, realce ligado",20261008-162232-f04-16fsk-b,final,43.500,-10.16
"1 antiga, realce ligado",20261008-162232-f04-16fsk-b,final,43.750,-10.68
"1 antiga, realce ligado",20261008-162232-f04-16fsk-b,final,44.000,-10.86
"1 antiga, realce ligado",20261008-162232-f04-16fsk-b,final,44.250,-9.99
"1 antiga, realce ligado",20261008-162232-f04-16fsk-b,final,44.500,-10.06
"1 antiga, realce ligado",20261008-162232-f04-16fsk-b,final,44.750,-8.79
"1 antiga, realce ligado",20261008-162232-f04-16fsk-b,final,45.000,-9.44
"1 antiga, realce ligado",20261008-162232-f04-16fsk-b,final,45.250,-10.17
"1 antiga, realce ligado",20261008-162232-f04-16fsk-b,final,45.500,-11.24
"1 antiga, realce ligado",20261008-162232-f04-16fsk-b,final,45.750,-10.74
"1 antiga, realce ligado",20261008-162232-f04-16fsk-b,final,46.000,-10.80
"1 antiga, realce ligado",20261008-162232-f04-16fsk-b,final,46.250,-10.26
"1 antiga, realce ligado",20261008-162232-f04-16fsk-b,final,46.500,-10.49
"1 antiga, realce ligado",20261008-162232-f04-16fsk-b,final,46.750,-12.35
"1 antiga, realce ligado",20261008-162232-f04-16fsk-b,final,47.000,-11.77
"1 antiga, realce ligado",20261008-162232-f04-16fsk-b,final,47.250,-11.26
"1 antiga, realce ligado",20261008-162232-f04-16fsk-b,final,47.500,-9.72
"1 antiga, realce ligado",20261008-162232-f04-16fsk-b,final,47.750,-9.25
"1 antiga, realce ligado",20261008-162232-f04-16fsk-b,final,48.000,-9.24
"1 antiga, realce ligado",20261008-162232-f04-16fsk-b,final,48.250,-9.21
"1 antiga, realce ligado",20261008-162232-f04-16fsk-b,final,48.500,-9.29
"1 antiga, realce ligado",20261008-162232-f04-16fsk-b,final,48.750,-9.61
"1 antiga, realce ligado",20261008-162232-f04-16fsk-b,final,49.000,-8.27
"1 antiga, realce ligado",20261008-162232-f04-16fsk-b,final,49.250,-8.86
"1 antiga, realce ligado",20261008-162232-f04-16fsk-b,final,49.500,-9.86
"1 antiga, realce ligado",20261008-162232-f04-16fsk-b,final,49.750,-10.64
"1 antiga, realce ligado",20261008-162232-f04-16fsk-b,final,50.000,-12.41
"1 antiga, realce ligado",20261008-162232-f04-16fsk-b,final,50.250,-11.22
"1 antiga, realce ligado",20261008-162232-f04-16fsk-b,final,50.500,-10.35
"1 antiga, realce ligado",20261008-162232-f04-16fsk-b,final,50.750,-10.17
"1 antiga, realce ligado",20261008-162232-f04-16fsk-b,final,51.000,-10.76
"1 antiga, realce ligado",20261008-162232-f04-16fsk-b,final,51.250,-12.42
"1 antiga, realce ligado",20261008-162232-f04-16fsk-b,final,51.500,-13.31
"1 antiga, realce ligado",20261008-162232-f04-16fsk-b,final,51.750,-12.72
"1 antiga, realce ligado",20261008-162232-f04-16fsk-b,final,52.000,-13.66
"1 antiga, realce ligado",20261008-162232-f04-16fsk-b,final,52.250,-13.13
"1 antiga, realce ligado",20261008-162232-f04-16fsk-b,final,52.500,-13.48
"1 antiga, realce ligado",20261008-162232-f04-16fsk-b,final,52.750,-15.07
"1 antiga, realce ligado",20261008-162232-f04-16fsk-b,final,53.000,-15.29
"1 antiga, realce ligado",20261008-162232-f04-16fsk-b,final,53.250,-13.80
"1 antiga, realce ligado",20261008-162232-f04-16fsk-b,final,53.500,-13.09
"1 antiga, realce ligado",20261008-162232-f04-16fsk-b,final,53.750,-12.95
"1 antiga, realce ligado",20261008-162232-f04-16fsk-b,final,54.000,-12.43
"1 antiga, realce ligado",20261008-162232-f04-16fsk-b,final,54.250,-13.37
"1 antiga, realce ligado",20261008-162232-f04-16fsk-b,final,54.500,-12.84
"1 antiga, realce ligado",20261008-162232-f04-16fsk-b,final,54.750,-12.48
"1 antiga, realce ligado",20261008-162232-f04-16fsk-b,final,55.000,-12.23
"1 antiga, realce ligado",20261008-162232-f04-16fsk-b,final,55.250,-12.12
"1 antiga, realce ligado",20261008-162232-f04-16fsk-b,final,55.500,-14.01
"1 antiga, realce ligado",20261008-162232-f04-16fsk-b,final,55.750,-13.76
"1 antiga, realce ligado",20261008-162232-f04-16fsk-b,final,56.000,-14.14
"1 antiga, realce ligado",20261008-162232-f04-16fsk-b,final,56.250,-14.87
"1 antiga, realce ligado",20261008-162232-f04-16fsk-b,final,56.500,-14.72
"1 antiga, realce ligado",20261008-162232-f04-16fsk-b,final,56.750,-13.43
"1 antiga, realce ligado",20261008-162232-f04-16fsk-b,final,57.000,-13.57
"1 antiga, realce ligado",20261008-162232-f04-16fsk-b,final,57.250,-13.08
"1 antiga, realce ligado",20261008-162232-f04-16fsk-b,final,57.500,-13.09
"1 antiga, realce ligado",20261008-162232-f04-16fsk-b,final,57.750,-14.25
"1 antiga, realce ligado",20261008-162232-f04-16fsk-b,final,58.000,-14.59
"1 antiga, realce ligado",20261008-162232-f04-16fsk-b,final,58.250,-14.55
"1 antiga, realce ligado",20261008-162232-f04-16fsk-b,final,58.500,-14.04
"1 antiga, realce ligado",20261008-162232-f04-16fsk-b,final,58.750,-13.88
"1 antiga, realce ligado",20261008-162232-f04-16fsk-b,final,59.000,-12.97
"1 antiga, realce ligado",20261008-162232-f04-16fsk-b,final,59.250,-12.94
"1 antiga, realce ligado",20261008-162232-f04-16fsk-b,final,59.500,-10.19
"1 antiga, realce ligado",20261008-162232-f04-16fsk-b,final,59.750,-10.75
"2 realce off, reposicionada",20261008-162926-f04-16fsk-v4,lider,-5.000,-44.07
"2 realce off, reposicionada",20261008-162926-f04-16fsk-v4,lider,-4.750,-42.16
"2 realce off, reposicionada",20261008-162926-f04-16fsk-v4,lider,-4.500,-40.03
"2 realce off, reposicionada",20261008-162926-f04-16fsk-v4,lider,-4.250,-39.19
"2 realce off, reposicionada",20261008-162926-f04-16fsk-v4,lider,-4.000,-38.26
"2 realce off, reposicionada",20261008-162926-f04-16fsk-v4,lider,-3.750,-36.96
"2 realce off, reposicionada",20261008-162926-f04-16fsk-v4,lider,-3.500,-36.24
"2 realce off, reposicionada",20261008-162926-f04-16fsk-v4,lider,-3.250,-34.56
"2 realce off, reposicionada",20261008-162926-f04-16fsk-v4,lider,-3.000,-33.61
"2 realce off, reposicionada",20261008-162926-f04-16fsk-v4,lider,-2.750,-32.06
"2 realce off, reposicionada",20261008-162926-f04-16fsk-v4,lider,-2.500,-30.48
"2 realce off, reposicionada",20261008-162926-f04-16fsk-v4,lider,-2.250,-29.35
"2 realce off, reposicionada",20261008-162926-f04-16fsk-v4,lider,-2.000,-26.99
"2 realce off, reposicionada",20261008-162926-f04-16fsk-v4,lider,-1.750,-25.42
"2 realce off, reposicionada",20261008-162926-f04-16fsk-v4,lider,-1.500,-22.64
"2 realce off, reposicionada",20261008-162926-f04-16fsk-v4,lider,-1.250,-18.37
"2 realce off, reposicionada",20261008-162926-f04-16fsk-v4,lider,-1.000,-12.00
"2 realce off, reposicionada",20261008-162926-f04-16fsk-v4,lider,-0.750,-6.76
"2 realce off, reposicionada",20261008-162926-f04-16fsk-v4,lider,-0.500,-2.93
"2 realce off, reposicionada",20261008-162926-f04-16fsk-v4,lider,-0.250,-0.88
"2 realce off, reposicionada",20261008-162926-f04-16fsk-v4,lider,0.000,-0.07
"2 realce off, reposicionada",20261008-162926-f04-16fsk-v4,lider,0.250,-0.20
"2 realce off, reposicionada",20261008-162926-f04-16fsk-v4,lider,0.500,-1.41
"2 realce off, reposicionada",20261008-162926-f04-16fsk-v4,lider,0.750,-3.49
"2 realce off, reposicionada",20261008-162926-f04-16fsk-v4,lider,1.000,-5.98
"2 realce off, reposicionada",20261008-162926-f04-16fsk-v4,lider,1.250,-7.77
"2 realce off, reposicionada",20261008-162926-f04-16fsk-v4,lider,1.500,-8.94
"2 realce off, reposicionada",20261008-162926-f04-16fsk-v4,lider,1.750,-10.26
"2 realce off, reposicionada",20261008-162926-f04-16fsk-v4,lider,2.000,-11.36
"2 realce off, reposicionada",20261008-162926-f04-16fsk-v4,lider,2.250,-14.06
"2 realce off, reposicionada",20261008-162926-f04-16fsk-v4,lider,2.500,-19.60
"2 realce off, reposicionada",20261008-162926-f04-16fsk-v4,lider,2.750,-20.18
"2 realce off, reposicionada",20261008-162926-f04-16fsk-v4,lider,3.000,-17.25
"2 realce off, reposicionada",20261008-162926-f04-16fsk-v4,lider,3.250,-16.03
"2 realce off, reposicionada",20261008-162926-f04-16fsk-v4,lider,3.500,-16.01
"2 realce off, reposicionada",20261008-162926-f04-16fsk-v4,lider,3.750,-17.19
"2 realce off, reposicionada",20261008-162926-f04-16fsk-v4,lider,4.000,-19.55
"2 realce off, reposicionada",20261008-162926-f04-16fsk-v4,lider,4.250,-22.06
"2 realce off, reposicionada",20261008-162926-f04-16fsk-v4,lider,4.500,-21.36
"2 realce off, reposicionada",20261008-162926-f04-16fsk-v4,lider,4.750,-20.02
"2 realce off, reposicionada",20261008-162926-f04-16fsk-v4,lider,5.000,-20.05
"2 realce off, reposicionada",20261008-162926-f04-16fsk-v4,lider,5.250,-19.66
"2 realce off, reposicionada",20261008-162926-f04-16fsk-v4,lider,5.500,-19.86
"2 realce off, reposicionada",20261008-162926-f04-16fsk-v4,lider,5.750,-18.99
"2 realce off, reposicionada",20261008-162926-f04-16fsk-v4,lider,6.000,-18.26
"2 realce off, reposicionada",20261008-162926-f04-16fsk-v4,lider,6.250,-18.59
"2 realce off, reposicionada",20261008-162926-f04-16fsk-v4,lider,6.500,-19.06
"2 realce off, reposicionada",20261008-162926-f04-16fsk-v4,lider,6.750,-21.17
"2 realce off, reposicionada",20261008-162926-f04-16fsk-v4,lider,7.000,-23.05
"2 realce off, reposicionada",20261008-162926-f04-16fsk-v4,lider,7.250,-22.06
"2 realce off, reposicionada",20261008-162926-f04-16fsk-v4,lider,7.500,-21.30
"2 realce off, reposicionada",20261008-162926-f04-16fsk-v4,lider,7.750,-20.71
"2 realce off, reposicionada",20261008-162926-f04-16fsk-v4,lider,8.000,-21.62
"2 realce off, reposicionada",20261008-162926-f04-16fsk-v4,lider,8.250,-23.88
"2 realce off, reposicionada",20261008-162926-f04-16fsk-v4,lider,8.500,-26.41
"2 realce off, reposicionada",20261008-162926-f04-16fsk-v4,lider,8.750,-29.66
"2 realce off, reposicionada",20261008-162926-f04-16fsk-v4,lider,9.000,-28.12
"2 realce off, reposicionada",20261008-162926-f04-16fsk-v4,lider,9.250,-27.65
"2 realce off, reposicionada",20261008-162926-f04-16fsk-v4,lider,9.500,-25.92
"2 realce off, reposicionada",20261008-162926-f04-16fsk-v4,lider,9.750,-23.37
"2 realce off, reposicionada",20261008-162926-f04-16fsk-v4,lider,10.000,-23.37
"2 realce off, reposicionada",20261008-162926-f04-16fsk-v4,lider,10.250,-23.29
"2 realce off, reposicionada",20261008-162926-f04-16fsk-v4,lider,10.500,-23.04
"2 realce off, reposicionada",20261008-162926-f04-16fsk-v4,lider,10.750,-22.34
"2 realce off, reposicionada",20261008-162926-f04-16fsk-v4,lider,11.000,-20.86
"2 realce off, reposicionada",20261008-162926-f04-16fsk-v4,lider,11.250,-17.12
"2 realce off, reposicionada",20261008-162926-f04-16fsk-v4,lider,11.500,-14.84
"2 realce off, reposicionada",20261008-162926-f04-16fsk-v4,lider,11.750,-14.58
"2 realce off, reposicionada",20261008-162926-f04-16fsk-v4,lider,12.000,-14.88
"2 realce off, reposicionada",20261008-162926-f04-16fsk-v4,lider,12.250,-16.68
"2 realce off, reposicionada",20261008-162926-f04-16fsk-v4,lider,12.500,-20.73
"2 realce off, reposicionada",20261008-162926-f04-16fsk-v4,lider,12.750,-21.43
"2 realce off, reposicionada",20261008-162926-f04-16fsk-v4,lider,13.000,-21.46
"2 realce off, reposicionada",20261008-162926-f04-16fsk-v4,lider,13.250,-19.69
"2 realce off, reposicionada",20261008-162926-f04-16fsk-v4,lider,13.500,-19.67
"2 realce off, reposicionada",20261008-162926-f04-16fsk-v4,lider,13.750,-20.71
"2 realce off, reposicionada",20261008-162926-f04-16fsk-v4,lider,14.000,-19.50
"2 realce off, reposicionada",20261008-162926-f04-16fsk-v4,lider,14.250,-20.50
"2 realce off, reposicionada",20261008-162926-f04-16fsk-v4,lider,14.500,-20.52
"2 realce off, reposicionada",20261008-162926-f04-16fsk-v4,lider,14.750,-20.57
"2 realce off, reposicionada",20261008-162926-f04-16fsk-v4,lider,15.000,-22.54
"2 realce off, reposicionada",20261008-162926-f04-16fsk-v4,lider,15.250,-24.01
"2 realce off, reposicionada",20261008-162926-f04-16fsk-v4,lider,15.500,-24.96
"2 realce off, reposicionada",20261008-162926-f04-16fsk-v4,lider,15.750,-26.05
"2 realce off, reposicionada",20261008-162926-f04-16fsk-v4,lider,16.000,-25.21
"2 realce off, reposicionada",20261008-162926-f04-16fsk-v4,lider,16.250,-24.14
"2 realce off, reposicionada",20261008-162926-f04-16fsk-v4,lider,16.500,-24.75
"2 realce off, reposicionada",20261008-162926-f04-16fsk-v4,lider,16.750,-26.26
"2 realce off, reposicionada",20261008-162926-f04-16fsk-v4,lider,17.000,-27.76
"2 realce off, reposicionada",20261008-162926-f04-16fsk-v4,lider,17.250,-29.62
"2 realce off, reposicionada",20261008-162926-f04-16fsk-v4,lider,17.500,-30.01
"2 realce off, reposicionada",20261008-162926-f04-16fsk-v4,lider,17.750,-28.59
"2 realce off, reposicionada",20261008-162926-f04-16fsk-v4,lider,18.000,-26.83
"2 realce off, reposicionada",20261008-162926-f04-16fsk-v4,lider,18.250,-27.19
"2 realce off, reposicionada",20261008-162926-f04-16fsk-v4,lider,18.500,-27.17
"2 realce off, reposicionada",20261008-162926-f04-16fsk-v4,lider,18.750,-27.60
"2 realce off, reposicionada",20261008-162926-f04-16fsk-v4,lider,19.000,-28.68
"2 realce off, reposicionada",20261008-162926-f04-16fsk-v4,lider,19.250,-27.75
"2 realce off, reposicionada",20261008-162926-f04-16fsk-v4,lider,19.500,-26.92
"2 realce off, reposicionada",20261008-162926-f04-16fsk-v4,lider,19.750,-25.65
"2 realce off, reposicionada",20261008-162926-f04-16fsk-v4,lider,20.000,-25.01
"2 realce off, reposicionada",20261008-162926-f04-16fsk-v4,lider,20.250,-24.36
"2 realce off, reposicionada",20261008-162926-f04-16fsk-v4,lider,20.500,-23.61
"2 realce off, reposicionada",20261008-162926-f04-16fsk-v4,lider,20.750,-23.29
"2 realce off, reposicionada",20261008-162926-f04-16fsk-v4,lider,21.000,-23.23
"2 realce off, reposicionada",20261008-162926-f04-16fsk-v4,lider,21.250,-23.99
"2 realce off, reposicionada",20261008-162926-f04-16fsk-v4,lider,21.500,-25.07
"2 realce off, reposicionada",20261008-162926-f04-16fsk-v4,lider,21.750,-24.57
"2 realce off, reposicionada",20261008-162926-f04-16fsk-v4,lider,22.000,-23.43
"2 realce off, reposicionada",20261008-162926-f04-16fsk-v4,lider,22.250,-23.02
"2 realce off, reposicionada",20261008-162926-f04-16fsk-v4,lider,22.500,-23.25
"2 realce off, reposicionada",20261008-162926-f04-16fsk-v4,lider,22.750,-24.14
"2 realce off, reposicionada",20261008-162926-f04-16fsk-v4,lider,23.000,-27.11
"2 realce off, reposicionada",20261008-162926-f04-16fsk-v4,lider,23.250,-28.31
"2 realce off, reposicionada",20261008-162926-f04-16fsk-v4,lider,23.500,-27.58
"2 realce off, reposicionada",20261008-162926-f04-16fsk-v4,lider,23.750,-29.34
"2 realce off, reposicionada",20261008-162926-f04-16fsk-v4,lider,24.000,-29.93
"2 realce off, reposicionada",20261008-162926-f04-16fsk-v4,lider,24.250,-29.13
"2 realce off, reposicionada",20261008-162926-f04-16fsk-v4,lider,24.500,-29.99
"2 realce off, reposicionada",20261008-162926-f04-16fsk-v4,lider,24.750,-29.28
"2 realce off, reposicionada",20261008-162926-f04-16fsk-v4,lider,25.000,-29.07
"2 realce off, reposicionada",20261008-162926-f04-16fsk-v4,lider,25.250,-27.18
"2 realce off, reposicionada",20261008-162926-f04-16fsk-v4,lider,25.500,-24.58
"2 realce off, reposicionada",20261008-162926-f04-16fsk-v4,lider,25.750,-23.73
"2 realce off, reposicionada",20261008-162926-f04-16fsk-v4,lider,26.000,-22.39
"2 realce off, reposicionada",20261008-162926-f04-16fsk-v4,lider,26.250,-21.92
"2 realce off, reposicionada",20261008-162926-f04-16fsk-v4,lider,26.500,-22.32
"2 realce off, reposicionada",20261008-162926-f04-16fsk-v4,lider,26.750,-22.49
"2 realce off, reposicionada",20261008-162926-f04-16fsk-v4,lider,27.000,-21.76
"2 realce off, reposicionada",20261008-162926-f04-16fsk-v4,lider,27.250,-21.14
"2 realce off, reposicionada",20261008-162926-f04-16fsk-v4,lider,27.500,-20.57
"2 realce off, reposicionada",20261008-162926-f04-16fsk-v4,lider,27.750,-19.57
"2 realce off, reposicionada",20261008-162926-f04-16fsk-v4,lider,28.000,-19.13
"2 realce off, reposicionada",20261008-162926-f04-16fsk-v4,lider,28.250,-19.11
"2 realce off, reposicionada",20261008-162926-f04-16fsk-v4,lider,28.500,-19.04
"2 realce off, reposicionada",20261008-162926-f04-16fsk-v4,lider,28.750,-19.17
"2 realce off, reposicionada",20261008-162926-f04-16fsk-v4,lider,29.000,-19.58
"2 realce off, reposicionada",20261008-162926-f04-16fsk-v4,lider,29.250,-20.05
"2 realce off, reposicionada",20261008-162926-f04-16fsk-v4,lider,29.500,-20.88
"2 realce off, reposicionada",20261008-162926-f04-16fsk-v4,lider,29.750,-22.34
"2 realce off, reposicionada",20261008-162926-f04-16fsk-v4,lider,30.000,-24.33
"2 realce off, reposicionada",20261008-162926-f04-16fsk-v4,lider,30.250,-26.01
"2 realce off, reposicionada",20261008-162926-f04-16fsk-v4,lider,30.500,-26.62
"2 realce off, reposicionada",20261008-162926-f04-16fsk-v4,lider,30.750,-26.76
"2 realce off, reposicionada",20261008-162926-f04-16fsk-v4,lider,31.000,-26.90
"2 realce off, reposicionada",20261008-162926-f04-16fsk-v4,lider,31.250,-28.27
"2 realce off, reposicionada",20261008-162926-f04-16fsk-v4,lider,31.500,-29.45
"2 realce off, reposicionada",20261008-162926-f04-16fsk-v4,lider,31.750,-30.27
"2 realce off, reposicionada",20261008-162926-f04-16fsk-v4,lider,32.000,-29.88
"2 realce off, reposicionada",20261008-162926-f04-16fsk-v4,lider,32.250,-25.59
"2 realce off, reposicionada",20261008-162926-f04-16fsk-v4,lider,32.500,-23.37
"2 realce off, reposicionada",20261008-162926-f04-16fsk-v4,lider,32.750,-22.68
"2 realce off, reposicionada",20261008-162926-f04-16fsk-v4,lider,33.000,-22.50
"2 realce off, reposicionada",20261008-162926-f04-16fsk-v4,lider,33.250,-23.38
"2 realce off, reposicionada",20261008-162926-f04-16fsk-v4,lider,33.500,-24.87
"2 realce off, reposicionada",20261008-162926-f04-16fsk-v4,lider,33.750,-24.39
"2 realce off, reposicionada",20261008-162926-f04-16fsk-v4,lider,34.000,-25.20
"2 realce off, reposicionada",20261008-162926-f04-16fsk-v4,lider,34.250,-26.49
"2 realce off, reposicionada",20261008-162926-f04-16fsk-v4,lider,34.500,-25.93
"2 realce off, reposicionada",20261008-162926-f04-16fsk-v4,lider,34.750,-25.20
"2 realce off, reposicionada",20261008-162926-f04-16fsk-v4,lider,35.000,-24.77
"2 realce off, reposicionada",20261008-162926-f04-16fsk-v4,lider,35.250,-24.22
"2 realce off, reposicionada",20261008-162926-f04-16fsk-v4,lider,35.500,-24.38
"2 realce off, reposicionada",20261008-162926-f04-16fsk-v4,lider,35.750,-25.75
"2 realce off, reposicionada",20261008-162926-f04-16fsk-v4,lider,36.000,-25.72
"2 realce off, reposicionada",20261008-162926-f04-16fsk-v4,lider,36.250,-26.42
"2 realce off, reposicionada",20261008-162926-f04-16fsk-v4,lider,36.500,-27.66
"2 realce off, reposicionada",20261008-162926-f04-16fsk-v4,lider,36.750,-28.57
"2 realce off, reposicionada",20261008-162926-f04-16fsk-v4,lider,37.000,-29.16
"2 realce off, reposicionada",20261008-162926-f04-16fsk-v4,lider,37.250,-28.45
"2 realce off, reposicionada",20261008-162926-f04-16fsk-v4,lider,37.500,-27.73
"2 realce off, reposicionada",20261008-162926-f04-16fsk-v4,lider,37.750,-27.19
"2 realce off, reposicionada",20261008-162926-f04-16fsk-v4,lider,38.000,-26.77
"2 realce off, reposicionada",20261008-162926-f04-16fsk-v4,lider,38.250,-25.32
"2 realce off, reposicionada",20261008-162926-f04-16fsk-v4,lider,38.500,-23.86
"2 realce off, reposicionada",20261008-162926-f04-16fsk-v4,lider,38.750,-23.60
"2 realce off, reposicionada",20261008-162926-f04-16fsk-v4,lider,39.000,-23.40
"2 realce off, reposicionada",20261008-162926-f04-16fsk-v4,lider,39.250,-23.47
"2 realce off, reposicionada",20261008-162926-f04-16fsk-v4,lider,39.500,-25.07
"2 realce off, reposicionada",20261008-162926-f04-16fsk-v4,lider,39.750,-25.93
"2 realce off, reposicionada",20261008-162926-f04-16fsk-v4,lider,40.000,-25.19
"2 realce off, reposicionada",20261008-162926-f04-16fsk-v4,lider,40.250,-23.53
"2 realce off, reposicionada",20261008-162926-f04-16fsk-v4,lider,40.500,-21.86
"2 realce off, reposicionada",20261008-162926-f04-16fsk-v4,lider,40.750,-20.27
"2 realce off, reposicionada",20261008-162926-f04-16fsk-v4,lider,41.000,-19.56
"2 realce off, reposicionada",20261008-162926-f04-16fsk-v4,lider,41.250,-19.88
"2 realce off, reposicionada",20261008-162926-f04-16fsk-v4,lider,41.500,-20.61
"2 realce off, reposicionada",20261008-162926-f04-16fsk-v4,lider,41.750,-22.53
"2 realce off, reposicionada",20261008-162926-f04-16fsk-v4,lider,42.000,-25.04
"2 realce off, reposicionada",20261008-162926-f04-16fsk-v4,lider,42.250,-25.61
"2 realce off, reposicionada",20261008-162926-f04-16fsk-v4,lider,42.500,-23.37
"2 realce off, reposicionada",20261008-162926-f04-16fsk-v4,lider,42.750,-21.63
"2 realce off, reposicionada",20261008-162926-f04-16fsk-v4,lider,43.000,-21.22
"2 realce off, reposicionada",20261008-162926-f04-16fsk-v4,lider,43.250,-21.69
"2 realce off, reposicionada",20261008-162926-f04-16fsk-v4,lider,43.500,-23.73
"2 realce off, reposicionada",20261008-162926-f04-16fsk-v4,lider,43.750,-27.41
"2 realce off, reposicionada",20261008-162926-f04-16fsk-v4,lider,44.000,-30.96
"2 realce off, reposicionada",20261008-162926-f04-16fsk-v4,lider,44.250,-33.06
"2 realce off, reposicionada",20261008-162926-f04-16fsk-v4,lider,44.500,-31.65
"2 realce off, reposicionada",20261008-162926-f04-16fsk-v4,lider,44.750,-27.59
"2 realce off, reposicionada",20261008-162926-f04-16fsk-v4,lider,45.000,-25.23
"2 realce off, reposicionada",20261008-162926-f04-16fsk-v4,lider,45.250,-24.79
"2 realce off, reposicionada",20261008-162926-f04-16fsk-v4,lider,45.500,-24.23
"2 realce off, reposicionada",20261008-162926-f04-16fsk-v4,lider,45.750,-25.60
"2 realce off, reposicionada",20261008-162926-f04-16fsk-v4,lider,46.000,-28.47
"2 realce off, reposicionada",20261008-162926-f04-16fsk-v4,lider,46.250,-29.36
"2 realce off, reposicionada",20261008-162926-f04-16fsk-v4,lider,46.500,-26.50
"2 realce off, reposicionada",20261008-162926-f04-16fsk-v4,lider,46.750,-22.00
"2 realce off, reposicionada",20261008-162926-f04-16fsk-v4,lider,47.000,-21.02
"2 realce off, reposicionada",20261008-162926-f04-16fsk-v4,lider,47.250,-20.93
"2 realce off, reposicionada",20261008-162926-f04-16fsk-v4,lider,47.500,-21.77
"2 realce off, reposicionada",20261008-162926-f04-16fsk-v4,lider,47.750,-25.31
"2 realce off, reposicionada",20261008-162926-f04-16fsk-v4,lider,48.000,-28.55
"2 realce off, reposicionada",20261008-162926-f04-16fsk-v4,lider,48.250,-29.73
"2 realce off, reposicionada",20261008-162926-f04-16fsk-v4,lider,48.500,-29.54
"2 realce off, reposicionada",20261008-162926-f04-16fsk-v4,lider,48.750,-27.86
"2 realce off, reposicionada",20261008-162926-f04-16fsk-v4,lider,49.000,-25.46
"2 realce off, reposicionada",20261008-162926-f04-16fsk-v4,lider,49.250,-24.64
"2 realce off, reposicionada",20261008-162926-f04-16fsk-v4,lider,49.500,-24.47
"2 realce off, reposicionada",20261008-162926-f04-16fsk-v4,lider,49.750,-23.89
"2 realce off, reposicionada",20261008-162926-f04-16fsk-v4,lider,50.000,-23.78
"2 realce off, reposicionada",20261008-162926-f04-16fsk-v4,lider,50.250,-23.76
"2 realce off, reposicionada",20261008-162926-f04-16fsk-v4,lider,50.500,-24.22
"2 realce off, reposicionada",20261008-162926-f04-16fsk-v4,lider,50.750,-25.58
"2 realce off, reposicionada",20261008-162926-f04-16fsk-v4,lider,51.000,-27.04
"2 realce off, reposicionada",20261008-162926-f04-16fsk-v4,lider,51.250,-27.74
"2 realce off, reposicionada",20261008-162926-f04-16fsk-v4,lider,51.500,-27.49
"2 realce off, reposicionada",20261008-162926-f04-16fsk-v4,lider,51.750,-27.96
"2 realce off, reposicionada",20261008-162926-f04-16fsk-v4,lider,52.000,-29.57
"2 realce off, reposicionada",20261008-162926-f04-16fsk-v4,lider,52.250,-31.10
"2 realce off, reposicionada",20261008-162926-f04-16fsk-v4,lider,52.500,-31.39
"2 realce off, reposicionada",20261008-162926-f04-16fsk-v4,lider,52.750,-33.24
"2 realce off, reposicionada",20261008-162926-f04-16fsk-v4,lider,53.000,-33.45
"2 realce off, reposicionada",20261008-162926-f04-16fsk-v4,lider,53.250,-32.80
"2 realce off, reposicionada",20261008-162926-f04-16fsk-v4,lider,53.500,-33.02
"2 realce off, reposicionada",20261008-162926-f04-16fsk-v4,lider,53.750,-29.78
"2 realce off, reposicionada",20261008-162926-f04-16fsk-v4,lider,54.000,-29.22
"2 realce off, reposicionada",20261008-162926-f04-16fsk-v4,lider,54.250,-27.46
"2 realce off, reposicionada",20261008-162926-f04-16fsk-v4,lider,54.500,-27.15
"2 realce off, reposicionada",20261008-162926-f04-16fsk-v4,lider,54.750,-28.68
"2 realce off, reposicionada",20261008-162926-f04-16fsk-v4,lider,55.000,-28.30
"2 realce off, reposicionada",20261008-162926-f04-16fsk-v4,lider,55.250,-27.78
"2 realce off, reposicionada",20261008-162926-f04-16fsk-v4,lider,55.500,-27.19
"2 realce off, reposicionada",20261008-162926-f04-16fsk-v4,lider,55.750,-26.36
"2 realce off, reposicionada",20261008-162926-f04-16fsk-v4,lider,56.000,-25.57
"2 realce off, reposicionada",20261008-162926-f04-16fsk-v4,lider,56.250,-25.65
"2 realce off, reposicionada",20261008-162926-f04-16fsk-v4,lider,56.500,-25.57
"2 realce off, reposicionada",20261008-162926-f04-16fsk-v4,lider,56.750,-26.06
"2 realce off, reposicionada",20261008-162926-f04-16fsk-v4,lider,57.000,-27.46
"2 realce off, reposicionada",20261008-162926-f04-16fsk-v4,lider,57.250,-28.70
"2 realce off, reposicionada",20261008-162926-f04-16fsk-v4,lider,57.500,-27.91
"2 realce off, reposicionada",20261008-162926-f04-16fsk-v4,lider,57.750,-26.09
"2 realce off, reposicionada",20261008-162926-f04-16fsk-v4,lider,58.000,-24.57
"2 realce off, reposicionada",20261008-162926-f04-16fsk-v4,lider,58.250,-23.30
"2 realce off, reposicionada",20261008-162926-f04-16fsk-v4,lider,58.500,-23.46
"2 realce off, reposicionada",20261008-162926-f04-16fsk-v4,lider,58.750,-24.44
"2 realce off, reposicionada",20261008-162926-f04-16fsk-v4,lider,59.000,-26.05
"2 realce off, reposicionada",20261008-162926-f04-16fsk-v4,lider,59.250,-28.03
"2 realce off, reposicionada",20261008-162926-f04-16fsk-v4,lider,59.500,-29.19
"2 realce off, reposicionada",20261008-162926-f04-16fsk-v4,lider,59.750,-29.36
"2 realce off, reposicionada",20261008-162926-f04-16fsk-v4,final,-5.000,-39.25
"2 realce off, reposicionada",20261008-162926-f04-16fsk-v4,final,-4.750,-38.07
"2 realce off, reposicionada",20261008-162926-f04-16fsk-v4,final,-4.500,-34.31
"2 realce off, reposicionada",20261008-162926-f04-16fsk-v4,final,-4.250,-33.81
"2 realce off, reposicionada",20261008-162926-f04-16fsk-v4,final,-4.000,-33.79
"2 realce off, reposicionada",20261008-162926-f04-16fsk-v4,final,-3.750,-32.49
"2 realce off, reposicionada",20261008-162926-f04-16fsk-v4,final,-3.500,-34.00
"2 realce off, reposicionada",20261008-162926-f04-16fsk-v4,final,-3.250,-33.48
"2 realce off, reposicionada",20261008-162926-f04-16fsk-v4,final,-3.000,-32.42
"2 realce off, reposicionada",20261008-162926-f04-16fsk-v4,final,-2.750,-32.44
"2 realce off, reposicionada",20261008-162926-f04-16fsk-v4,final,-2.500,-28.97
"2 realce off, reposicionada",20261008-162926-f04-16fsk-v4,final,-2.250,-26.71
"2 realce off, reposicionada",20261008-162926-f04-16fsk-v4,final,-2.000,-25.56
"2 realce off, reposicionada",20261008-162926-f04-16fsk-v4,final,-1.750,-24.30
"2 realce off, reposicionada",20261008-162926-f04-16fsk-v4,final,-1.500,-22.52
"2 realce off, reposicionada",20261008-162926-f04-16fsk-v4,final,-1.250,-19.52
"2 realce off, reposicionada",20261008-162926-f04-16fsk-v4,final,-1.000,-12.74
"2 realce off, reposicionada",20261008-162926-f04-16fsk-v4,final,-0.750,-7.48
"2 realce off, reposicionada",20261008-162926-f04-16fsk-v4,final,-0.500,-3.35
"2 realce off, reposicionada",20261008-162926-f04-16fsk-v4,final,-0.250,-1.13
"2 realce off, reposicionada",20261008-162926-f04-16fsk-v4,final,0.000,-0.18
"2 realce off, reposicionada",20261008-162926-f04-16fsk-v4,final,0.250,-0.07
"2 realce off, reposicionada",20261008-162926-f04-16fsk-v4,final,0.500,-1.12
"2 realce off, reposicionada",20261008-162926-f04-16fsk-v4,final,0.750,-3.23
"2 realce off, reposicionada",20261008-162926-f04-16fsk-v4,final,1.000,-6.03
"2 realce off, reposicionada",20261008-162926-f04-16fsk-v4,final,1.250,-8.85
"2 realce off, reposicionada",20261008-162926-f04-16fsk-v4,final,1.500,-10.13
"2 realce off, reposicionada",20261008-162926-f04-16fsk-v4,final,1.750,-9.85
"2 realce off, reposicionada",20261008-162926-f04-16fsk-v4,final,2.000,-9.36
"2 realce off, reposicionada",20261008-162926-f04-16fsk-v4,final,2.250,-10.47
"2 realce off, reposicionada",20261008-162926-f04-16fsk-v4,final,2.500,-12.80
"2 realce off, reposicionada",20261008-162926-f04-16fsk-v4,final,2.750,-14.19
"2 realce off, reposicionada",20261008-162926-f04-16fsk-v4,final,3.000,-13.75
"2 realce off, reposicionada",20261008-162926-f04-16fsk-v4,final,3.250,-13.08
"2 realce off, reposicionada",20261008-162926-f04-16fsk-v4,final,3.500,-13.27
"2 realce off, reposicionada",20261008-162926-f04-16fsk-v4,final,3.750,-14.29
"2 realce off, reposicionada",20261008-162926-f04-16fsk-v4,final,4.000,-17.99
"2 realce off, reposicionada",20261008-162926-f04-16fsk-v4,final,4.250,-23.77
"2 realce off, reposicionada",20261008-162926-f04-16fsk-v4,final,4.500,-22.18
"2 realce off, reposicionada",20261008-162926-f04-16fsk-v4,final,4.750,-19.54
"2 realce off, reposicionada",20261008-162926-f04-16fsk-v4,final,5.000,-17.68
"2 realce off, reposicionada",20261008-162926-f04-16fsk-v4,final,5.250,-16.32
"2 realce off, reposicionada",20261008-162926-f04-16fsk-v4,final,5.500,-16.51
"2 realce off, reposicionada",20261008-162926-f04-16fsk-v4,final,5.750,-17.31
"2 realce off, reposicionada",20261008-162926-f04-16fsk-v4,final,6.000,-18.45
"2 realce off, reposicionada",20261008-162926-f04-16fsk-v4,final,6.250,-21.07
"2 realce off, reposicionada",20261008-162926-f04-16fsk-v4,final,6.500,-23.07
"2 realce off, reposicionada",20261008-162926-f04-16fsk-v4,final,6.750,-23.57
"2 realce off, reposicionada",20261008-162926-f04-16fsk-v4,final,7.000,-25.42
"2 realce off, reposicionada",20261008-162926-f04-16fsk-v4,final,7.250,-25.36
"2 realce off, reposicionada",20261008-162926-f04-16fsk-v4,final,7.500,-23.66
"2 realce off, reposicionada",20261008-162926-f04-16fsk-v4,final,7.750,-22.72
"2 realce off, reposicionada",20261008-162926-f04-16fsk-v4,final,8.000,-22.19
"2 realce off, reposicionada",20261008-162926-f04-16fsk-v4,final,8.250,-22.96
"2 realce off, reposicionada",20261008-162926-f04-16fsk-v4,final,8.500,-24.62
"2 realce off, reposicionada",20261008-162926-f04-16fsk-v4,final,8.750,-28.23
"2 realce off, reposicionada",20261008-162926-f04-16fsk-v4,final,9.000,-29.45
"2 realce off, reposicionada",20261008-162926-f04-16fsk-v4,final,9.250,-27.29
"2 realce off, reposicionada",20261008-162926-f04-16fsk-v4,final,9.500,-25.67
"2 realce off, reposicionada",20261008-162926-f04-16fsk-v4,final,9.750,-23.37
"2 realce off, reposicionada",20261008-162926-f04-16fsk-v4,final,10.000,-22.78
"2 realce off, reposicionada",20261008-162926-f04-16fsk-v4,final,10.250,-23.44
"2 realce off, reposicionada",20261008-162926-f04-16fsk-v4,final,10.500,-24.18
"2 realce off, reposicionada",20261008-162926-f04-16fsk-v4,final,10.750,-24.34
"2 realce off, reposicionada",20261008-162926-f04-16fsk-v4,final,11.000,-22.08
"2 realce off, reposicionada",20261008-162926-f04-16fsk-v4,final,11.250,-17.59
"2 realce off, reposicionada",20261008-162926-f04-16fsk-v4,final,11.500,-14.86
"2 realce off, reposicionada",20261008-162926-f04-16fsk-v4,final,11.750,-14.06
"2 realce off, reposicionada",20261008-162926-f04-16fsk-v4,final,12.000,-14.33
"2 realce off, reposicionada",20261008-162926-f04-16fsk-v4,final,12.250,-15.70
"2 realce off, reposicionada",20261008-162926-f04-16fsk-v4,final,12.500,-18.77
"2 realce off, reposicionada",20261008-162926-f04-16fsk-v4,final,12.750,-20.25
"2 realce off, reposicionada",20261008-162926-f04-16fsk-v4,final,13.000,-20.01
"2 realce off, reposicionada",20261008-162926-f04-16fsk-v4,final,13.250,-19.63
"2 realce off, reposicionada",20261008-162926-f04-16fsk-v4,final,13.500,-19.59
"2 realce off, reposicionada",20261008-162926-f04-16fsk-v4,final,13.750,-21.85
"2 realce off, reposicionada",20261008-162926-f04-16fsk-v4,final,14.000,-22.66
"2 realce off, reposicionada",20261008-162926-f04-16fsk-v4,final,14.250,-23.66
"2 realce off, reposicionada",20261008-162926-f04-16fsk-v4,final,14.500,-23.84
"2 realce off, reposicionada",20261008-162926-f04-16fsk-v4,final,14.750,-22.19
"2 realce off, reposicionada",20261008-162926-f04-16fsk-v4,final,15.000,-22.77
"2 realce off, reposicionada",20261008-162926-f04-16fsk-v4,final,15.250,-23.73
"2 realce off, reposicionada",20261008-162926-f04-16fsk-v4,final,15.500,-24.75
"2 realce off, reposicionada",20261008-162926-f04-16fsk-v4,final,15.750,-27.97
"2 realce off, reposicionada",20261008-162926-f04-16fsk-v4,final,16.000,-28.33
"2 realce off, reposicionada",20261008-162926-f04-16fsk-v4,final,16.250,-28.48
"2 realce off, reposicionada",20261008-162926-f04-16fsk-v4,final,16.500,-32.09
"2 realce off, reposicionada",20261008-162926-f04-16fsk-v4,final,16.750,-35.84
"2 realce off, reposicionada",20261008-162926-f04-16fsk-v4,final,17.000,-34.45
"2 realce off, reposicionada",20261008-162926-f04-16fsk-v4,final,17.250,-30.23
"2 realce off, reposicionada",20261008-162926-f04-16fsk-v4,final,17.500,-27.60
"2 realce off, reposicionada",20261008-162926-f04-16fsk-v4,final,17.750,-26.30
"2 realce off, reposicionada",20261008-162926-f04-16fsk-v4,final,18.000,-24.68
"2 realce off, reposicionada",20261008-162926-f04-16fsk-v4,final,18.250,-24.46
"2 realce off, reposicionada",20261008-162926-f04-16fsk-v4,final,18.500,-25.31
"2 realce off, reposicionada",20261008-162926-f04-16fsk-v4,final,18.750,-26.16
"2 realce off, reposicionada",20261008-162926-f04-16fsk-v4,final,19.000,-28.38
"2 realce off, reposicionada",20261008-162926-f04-16fsk-v4,final,19.250,-30.64
"2 realce off, reposicionada",20261008-162926-f04-16fsk-v4,final,19.500,-28.60
"2 realce off, reposicionada",20261008-162926-f04-16fsk-v4,final,19.750,-27.01
"2 realce off, reposicionada",20261008-162926-f04-16fsk-v4,final,20.000,-26.11
"2 realce off, reposicionada",20261008-162926-f04-16fsk-v4,final,20.250,-24.32
"2 realce off, reposicionada",20261008-162926-f04-16fsk-v4,final,20.500,-23.84
"2 realce off, reposicionada",20261008-162926-f04-16fsk-v4,final,20.750,-23.96
"2 realce off, reposicionada",20261008-162926-f04-16fsk-v4,final,21.000,-24.00
"2 realce off, reposicionada",20261008-162926-f04-16fsk-v4,final,21.250,-25.65
"2 realce off, reposicionada",20261008-162926-f04-16fsk-v4,final,21.500,-27.58
"2 realce off, reposicionada",20261008-162926-f04-16fsk-v4,final,21.750,-25.18
"2 realce off, reposicionada",20261008-162926-f04-16fsk-v4,final,22.000,-22.81
"2 realce off, reposicionada",20261008-162926-f04-16fsk-v4,final,22.250,-22.13
"2 realce off, reposicionada",20261008-162926-f04-16fsk-v4,final,22.500,-22.19
"2 realce off, reposicionada",20261008-162926-f04-16fsk-v4,final,22.750,-23.40
"2 realce off, reposicionada",20261008-162926-f04-16fsk-v4,final,23.000,-27.20
"2 realce off, reposicionada",20261008-162926-f04-16fsk-v4,final,23.250,-27.36
"2 realce off, reposicionada",20261008-162926-f04-16fsk-v4,final,23.500,-24.40
"2 realce off, reposicionada",20261008-162926-f04-16fsk-v4,final,23.750,-24.32
"2 realce off, reposicionada",20261008-162926-f04-16fsk-v4,final,24.000,-24.51
"2 realce off, reposicionada",20261008-162926-f04-16fsk-v4,final,24.250,-25.58
"2 realce off, reposicionada",20261008-162926-f04-16fsk-v4,final,24.500,-29.10
"2 realce off, reposicionada",20261008-162926-f04-16fsk-v4,final,24.750,-30.37
"2 realce off, reposicionada",20261008-162926-f04-16fsk-v4,final,25.000,-28.31
"2 realce off, reposicionada",20261008-162926-f04-16fsk-v4,final,25.250,-28.54
"2 realce off, reposicionada",20261008-162926-f04-16fsk-v4,final,25.500,-26.20
"2 realce off, reposicionada",20261008-162926-f04-16fsk-v4,final,25.750,-24.11
"2 realce off, reposicionada",20261008-162926-f04-16fsk-v4,final,26.000,-22.87
"2 realce off, reposicionada",20261008-162926-f04-16fsk-v4,final,26.250,-21.66
"2 realce off, reposicionada",20261008-162926-f04-16fsk-v4,final,26.500,-21.70
"2 realce off, reposicionada",20261008-162926-f04-16fsk-v4,final,26.750,-22.61
"2 realce off, reposicionada",20261008-162926-f04-16fsk-v4,final,27.000,-23.25
"2 realce off, reposicionada",20261008-162926-f04-16fsk-v4,final,27.250,-23.22
"2 realce off, reposicionada",20261008-162926-f04-16fsk-v4,final,27.500,-23.36
"2 realce off, reposicionada",20261008-162926-f04-16fsk-v4,final,27.750,-21.76
"2 realce off, reposicionada",20261008-162926-f04-16fsk-v4,final,28.000,-19.55
"2 realce off, reposicionada",20261008-162926-f04-16fsk-v4,final,28.250,-18.79
"2 realce off, reposicionada",20261008-162926-f04-16fsk-v4,final,28.500,-18.67
"2 realce off, reposicionada",20261008-162926-f04-16fsk-v4,final,28.750,-18.86
"2 realce off, reposicionada",20261008-162926-f04-16fsk-v4,final,29.000,-19.89
"2 realce off, reposicionada",20261008-162926-f04-16fsk-v4,final,29.250,-20.96
"2 realce off, reposicionada",20261008-162926-f04-16fsk-v4,final,29.500,-21.31
"2 realce off, reposicionada",20261008-162926-f04-16fsk-v4,final,29.750,-22.29
"2 realce off, reposicionada",20261008-162926-f04-16fsk-v4,final,30.000,-23.99
"2 realce off, reposicionada",20261008-162926-f04-16fsk-v4,final,30.250,-25.20
"2 realce off, reposicionada",20261008-162926-f04-16fsk-v4,final,30.500,-26.44
"2 realce off, reposicionada",20261008-162926-f04-16fsk-v4,final,30.750,-26.50
"2 realce off, reposicionada",20261008-162926-f04-16fsk-v4,final,31.000,-25.54
"2 realce off, reposicionada",20261008-162926-f04-16fsk-v4,final,31.250,-24.88
"2 realce off, reposicionada",20261008-162926-f04-16fsk-v4,final,31.500,-24.50
"2 realce off, reposicionada",20261008-162926-f04-16fsk-v4,final,31.750,-24.61
"2 realce off, reposicionada",20261008-162926-f04-16fsk-v4,final,32.000,-26.42
"2 realce off, reposicionada",20261008-162926-f04-16fsk-v4,final,32.250,-26.30
"2 realce off, reposicionada",20261008-162926-f04-16fsk-v4,final,32.500,-23.09
"2 realce off, reposicionada",20261008-162926-f04-16fsk-v4,final,32.750,-21.81
"2 realce off, reposicionada",20261008-162926-f04-16fsk-v4,final,33.000,-21.25
"2 realce off, reposicionada",20261008-162926-f04-16fsk-v4,final,33.250,-21.24
"2 realce off, reposicionada",20261008-162926-f04-16fsk-v4,final,33.500,-23.05
"2 realce off, reposicionada",20261008-162926-f04-16fsk-v4,final,33.750,-24.51
"2 realce off, reposicionada",20261008-162926-f04-16fsk-v4,final,34.000,-25.87
"2 realce off, reposicionada",20261008-162926-f04-16fsk-v4,final,34.250,-28.43
"2 realce off, reposicionada",20261008-162926-f04-16fsk-v4,final,34.500,-28.19
"2 realce off, reposicionada",20261008-162926-f04-16fsk-v4,final,34.750,-26.34
"2 realce off, reposicionada",20261008-162926-f04-16fsk-v4,final,35.000,-25.89
"2 realce off, reposicionada",20261008-162926-f04-16fsk-v4,final,35.250,-24.82
"2 realce off, reposicionada",20261008-162926-f04-16fsk-v4,final,35.500,-24.16
"2 realce off, reposicionada",20261008-162926-f04-16fsk-v4,final,35.750,-24.57
"2 realce off, reposicionada",20261008-162926-f04-16fsk-v4,final,36.000,-24.05
"2 realce off, reposicionada",20261008-162926-f04-16fsk-v4,final,36.250,-25.08
"2 realce off, reposicionada",20261008-162926-f04-16fsk-v4,final,36.500,-26.58
"2 realce off, reposicionada",20261008-162926-f04-16fsk-v4,final,36.750,-28.32
"2 realce off, reposicionada",20261008-162926-f04-16fsk-v4,final,37.000,-29.13
"2 realce off, reposicionada",20261008-162926-f04-16fsk-v4,final,37.250,-27.22
"2 realce off, reposicionada",20261008-162926-f04-16fsk-v4,final,37.500,-26.73
"2 realce off, reposicionada",20261008-162926-f04-16fsk-v4,final,37.750,-26.32
"2 realce off, reposicionada",20261008-162926-f04-16fsk-v4,final,38.000,-25.71
"2 realce off, reposicionada",20261008-162926-f04-16fsk-v4,final,38.250,-24.07
"2 realce off, reposicionada",20261008-162926-f04-16fsk-v4,final,38.500,-22.23
"2 realce off, reposicionada",20261008-162926-f04-16fsk-v4,final,38.750,-21.43
"2 realce off, reposicionada",20261008-162926-f04-16fsk-v4,final,39.000,-21.30
"2 realce off, reposicionada",20261008-162926-f04-16fsk-v4,final,39.250,-22.08
"2 realce off, reposicionada",20261008-162926-f04-16fsk-v4,final,39.500,-23.80
"2 realce off, reposicionada",20261008-162926-f04-16fsk-v4,final,39.750,-23.95
"2 realce off, reposicionada",20261008-162926-f04-16fsk-v4,final,40.000,-22.91
"2 realce off, reposicionada",20261008-162926-f04-16fsk-v4,final,40.250,-21.92
"2 realce off, reposicionada",20261008-162926-f04-16fsk-v4,final,40.500,-20.80
"2 realce off, reposicionada",20261008-162926-f04-16fsk-v4,final,40.750,-19.63
"2 realce off, reposicionada",20261008-162926-f04-16fsk-v4,final,41.000,-18.96
"2 realce off, reposicionada",20261008-162926-f04-16fsk-v4,final,41.250,-18.52
"2 realce off, reposicionada",20261008-162926-f04-16fsk-v4,final,41.500,-18.51
"2 realce off, reposicionada",20261008-162926-f04-16fsk-v4,final,41.750,-19.72
"2 realce off, reposicionada",20261008-162926-f04-16fsk-v4,final,42.000,-21.32
"2 realce off, reposicionada",20261008-162926-f04-16fsk-v4,final,42.250,-22.95
"2 realce off, reposicionada",20261008-162926-f04-16fsk-v4,final,42.500,-23.52
"2 realce off, reposicionada",20261008-162926-f04-16fsk-v4,final,42.750,-21.90
"2 realce off, reposicionada",20261008-162926-f04-16fsk-v4,final,43.000,-21.77
"2 realce off, reposicionada",20261008-162926-f04-16fsk-v4,final,43.250,-22.48
"2 realce off, reposicionada",20261008-162926-f04-16fsk-v4,final,43.500,-23.98
"2 realce off, reposicionada",20261008-162926-f04-16fsk-v4,final,43.750,-29.04
"2 realce off, reposicionada",20261008-162926-f04-16fsk-v4,final,44.000,-32.53
"2 realce off, reposicionada",20261008-162926-f04-16fsk-v4,final,44.250,-28.27
"2 realce off, reposicionada",20261008-162926-f04-16fsk-v4,final,44.500,-26.91
"2 realce off, reposicionada",20261008-162926-f04-16fsk-v4,final,44.750,-26.33
"2 realce off, reposicionada",20261008-162926-f04-16fsk-v4,final,45.000,-26.11
"2 realce off, reposicionada",20261008-162926-f04-16fsk-v4,final,45.250,-27.65
"2 realce off, reposicionada",20261008-162926-f04-16fsk-v4,final,45.500,-25.31
"2 realce off, reposicionada",20261008-162926-f04-16fsk-v4,final,45.750,-23.72
"2 realce off, reposicionada",20261008-162926-f04-16fsk-v4,final,46.000,-24.04
"2 realce off, reposicionada",20261008-162926-f04-16fsk-v4,final,46.250,-24.21
"2 realce off, reposicionada",20261008-162926-f04-16fsk-v4,final,46.500,-25.36
"2 realce off, reposicionada",20261008-162926-f04-16fsk-v4,final,46.750,-21.70
"2 realce off, reposicionada",20261008-162926-f04-16fsk-v4,final,47.000,-19.82
"2 realce off, reposicionada",20261008-162926-f04-16fsk-v4,final,47.250,-19.54
"2 realce off, reposicionada",20261008-162926-f04-16fsk-v4,final,47.500,-19.79
"2 realce off, reposicionada",20261008-162926-f04-16fsk-v4,final,47.750,-22.46
"2 realce off, reposicionada",20261008-162926-f04-16fsk-v4,final,48.000,-27.02
"2 realce off, reposicionada",20261008-162926-f04-16fsk-v4,final,48.250,-29.41
"2 realce off, reposicionada",20261008-162926-f04-16fsk-v4,final,48.500,-29.53
"2 realce off, reposicionada",20261008-162926-f04-16fsk-v4,final,48.750,-29.88
"2 realce off, reposicionada",20261008-162926-f04-16fsk-v4,final,49.000,-29.28
"2 realce off, reposicionada",20261008-162926-f04-16fsk-v4,final,49.250,-27.87
"2 realce off, reposicionada",20261008-162926-f04-16fsk-v4,final,49.500,-27.73
"2 realce off, reposicionada",20261008-162926-f04-16fsk-v4,final,49.750,-25.93
"2 realce off, reposicionada",20261008-162926-f04-16fsk-v4,final,50.000,-25.28
"2 realce off, reposicionada",20261008-162926-f04-16fsk-v4,final,50.250,-24.01
"2 realce off, reposicionada",20261008-162926-f04-16fsk-v4,final,50.500,-23.62
"2 realce off, reposicionada",20261008-162926-f04-16fsk-v4,final,50.750,-24.61
"2 realce off, reposicionada",20261008-162926-f04-16fsk-v4,final,51.000,-23.76
"2 realce off, reposicionada",20261008-162926-f04-16fsk-v4,final,51.250,-24.10
"2 realce off, reposicionada",20261008-162926-f04-16fsk-v4,final,51.500,-24.59
"2 realce off, reposicionada",20261008-162926-f04-16fsk-v4,final,51.750,-24.42
"2 realce off, reposicionada",20261008-162926-f04-16fsk-v4,final,52.000,-25.37
"2 realce off, reposicionada",20261008-162926-f04-16fsk-v4,final,52.250,-26.64
"2 realce off, reposicionada",20261008-162926-f04-16fsk-v4,final,52.500,-26.47
"2 realce off, reposicionada",20261008-162926-f04-16fsk-v4,final,52.750,-27.24
"2 realce off, reposicionada",20261008-162926-f04-16fsk-v4,final,53.000,-29.17
"2 realce off, reposicionada",20261008-162926-f04-16fsk-v4,final,53.250,-30.25
"2 realce off, reposicionada",20261008-162926-f04-16fsk-v4,final,53.500,-31.89
"2 realce off, reposicionada",20261008-162926-f04-16fsk-v4,final,53.750,-29.60
"2 realce off, reposicionada",20261008-162926-f04-16fsk-v4,final,54.000,-28.88
"2 realce off, reposicionada",20261008-162926-f04-16fsk-v4,final,54.250,-27.61
"2 realce off, reposicionada",20261008-162926-f04-16fsk-v4,final,54.500,-26.64
"2 realce off, reposicionada",20261008-162926-f04-16fsk-v4,final,54.750,-28.39
"2 realce off, reposicionada",20261008-162926-f04-16fsk-v4,final,55.000,-28.03
"2 realce off, reposicionada",20261008-162926-f04-16fsk-v4,final,55.250,-25.86
"2 realce off, reposicionada",20261008-162926-f04-16fsk-v4,final,55.500,-25.28
"2 realce off, reposicionada",20261008-162926-f04-16fsk-v4,final,55.750,-24.70
"2 realce off, reposicionada",20261008-162926-f04-16fsk-v4,final,56.000,-23.61
"2 realce off, reposicionada",20261008-162926-f04-16fsk-v4,final,56.250,-23.67
"2 realce off, reposicionada",20261008-162926-f04-16fsk-v4,final,56.500,-24.19
"2 realce off, reposicionada",20261008-162926-f04-16fsk-v4,final,56.750,-24.62
"2 realce off, reposicionada",20261008-162926-f04-16fsk-v4,final,57.000,-26.32
"2 realce off, reposicionada",20261008-162926-f04-16fsk-v4,final,57.250,-29.12
"2 realce off, reposicionada",20261008-162926-f04-16fsk-v4,final,57.500,-28.11
"2 realce off, reposicionada",20261008-162926-f04-16fsk-v4,final,57.750,-26.07
"2 realce off, reposicionada",20261008-162926-f04-16fsk-v4,final,58.000,-25.09
"2 realce off, reposicionada",20261008-162926-f04-16fsk-v4,final,58.250,-24.50
"2 realce off, reposicionada",20261008-162926-f04-16fsk-v4,final,58.500,-24.77
"2 realce off, reposicionada",20261008-162926-f04-16fsk-v4,final,58.750,-26.05
"2 realce off, reposicionada",20261008-162926-f04-16fsk-v4,final,59.000,-27.71
"2 realce off, reposicionada",20261008-162926-f04-16fsk-v4,final,59.250,-29.20
"2 realce off, reposicionada",20261008-162926-f04-16fsk-v4,final,59.500,-28.51
"2 realce off, reposicionada",20261008-162926-f04-16fsk-v4,final,59.750,-29.07
3 a 10 cm apontada,20261008-164832-f04-16fsk-10cm,lider,-5.000,-40.11
3 a 10 cm apontada,20261008-164832-f04-16fsk-10cm,lider,-4.750,-36.99
3 a 10 cm apontada,20261008-164832-f04-16fsk-10cm,lider,-4.500,-35.64
3 a 10 cm apontada,20261008-164832-f04-16fsk-10cm,lider,-4.250,-34.69
3 a 10 cm apontada,20261008-164832-f04-16fsk-10cm,lider,-4.000,-33.13
3 a 10 cm apontada,20261008-164832-f04-16fsk-10cm,lider,-3.750,-32.82
3 a 10 cm apontada,20261008-164832-f04-16fsk-10cm,lider,-3.500,-30.99
3 a 10 cm apontada,20261008-164832-f04-16fsk-10cm,lider,-3.250,-30.78
3 a 10 cm apontada,20261008-164832-f04-16fsk-10cm,lider,-3.000,-29.17
3 a 10 cm apontada,20261008-164832-f04-16fsk-10cm,lider,-2.750,-28.09
3 a 10 cm apontada,20261008-164832-f04-16fsk-10cm,lider,-2.500,-27.36
3 a 10 cm apontada,20261008-164832-f04-16fsk-10cm,lider,-2.250,-25.37
3 a 10 cm apontada,20261008-164832-f04-16fsk-10cm,lider,-2.000,-25.03
3 a 10 cm apontada,20261008-164832-f04-16fsk-10cm,lider,-1.750,-22.98
3 a 10 cm apontada,20261008-164832-f04-16fsk-10cm,lider,-1.500,-21.42
3 a 10 cm apontada,20261008-164832-f04-16fsk-10cm,lider,-1.250,-20.26
3 a 10 cm apontada,20261008-164832-f04-16fsk-10cm,lider,-1.000,-16.62
3 a 10 cm apontada,20261008-164832-f04-16fsk-10cm,lider,-0.750,-12.03
3 a 10 cm apontada,20261008-164832-f04-16fsk-10cm,lider,-0.500,-3.06
3 a 10 cm apontada,20261008-164832-f04-16fsk-10cm,lider,-0.250,-0.24
3 a 10 cm apontada,20261008-164832-f04-16fsk-10cm,lider,0.000,-0.00
3 a 10 cm apontada,20261008-164832-f04-16fsk-10cm,lider,0.250,-0.14
3 a 10 cm apontada,20261008-164832-f04-16fsk-10cm,lider,0.500,-2.03
3 a 10 cm apontada,20261008-164832-f04-16fsk-10cm,lider,0.750,-6.42
3 a 10 cm apontada,20261008-164832-f04-16fsk-10cm,lider,1.000,-7.56
3 a 10 cm apontada,20261008-164832-f04-16fsk-10cm,lider,1.250,-7.73
3 a 10 cm apontada,20261008-164832-f04-16fsk-10cm,lider,1.500,-11.13
3 a 10 cm apontada,20261008-164832-f04-16fsk-10cm,lider,1.750,-15.79
3 a 10 cm apontada,20261008-164832-f04-16fsk-10cm,lider,2.000,-17.70
3 a 10 cm apontada,20261008-164832-f04-16fsk-10cm,lider,2.250,-18.55
3 a 10 cm apontada,20261008-164832-f04-16fsk-10cm,lider,2.500,-17.79
3 a 10 cm apontada,20261008-164832-f04-16fsk-10cm,lider,2.750,-19.51
3 a 10 cm apontada,20261008-164832-f04-16fsk-10cm,lider,3.000,-19.95
3 a 10 cm apontada,20261008-164832-f04-16fsk-10cm,lider,3.250,-20.28
3 a 10 cm apontada,20261008-164832-f04-16fsk-10cm,lider,3.500,-20.31
3 a 10 cm apontada,20261008-164832-f04-16fsk-10cm,lider,3.750,-18.46
3 a 10 cm apontada,20261008-164832-f04-16fsk-10cm,lider,4.000,-18.71
3 a 10 cm apontada,20261008-164832-f04-16fsk-10cm,lider,4.250,-18.95
3 a 10 cm apontada,20261008-164832-f04-16fsk-10cm,lider,4.500,-19.28
3 a 10 cm apontada,20261008-164832-f04-16fsk-10cm,lider,4.750,-21.82
3 a 10 cm apontada,20261008-164832-f04-16fsk-10cm,lider,5.000,-21.94
3 a 10 cm apontada,20261008-164832-f04-16fsk-10cm,lider,5.250,-22.87
3 a 10 cm apontada,20261008-164832-f04-16fsk-10cm,lider,5.500,-24.83
3 a 10 cm apontada,20261008-164832-f04-16fsk-10cm,lider,5.750,-24.43
3 a 10 cm apontada,20261008-164832-f04-16fsk-10cm,lider,6.000,-26.64
3 a 10 cm apontada,20261008-164832-f04-16fsk-10cm,lider,6.250,-27.71
3 a 10 cm apontada,20261008-164832-f04-16fsk-10cm,lider,6.500,-27.08
3 a 10 cm apontada,20261008-164832-f04-16fsk-10cm,lider,6.750,-27.60
3 a 10 cm apontada,20261008-164832-f04-16fsk-10cm,lider,7.000,-29.09
3 a 10 cm apontada,20261008-164832-f04-16fsk-10cm,lider,7.250,-29.45
3 a 10 cm apontada,20261008-164832-f04-16fsk-10cm,lider,7.500,-31.88
3 a 10 cm apontada,20261008-164832-f04-16fsk-10cm,lider,7.750,-32.89
3 a 10 cm apontada,20261008-164832-f04-16fsk-10cm,lider,8.000,-29.00
3 a 10 cm apontada,20261008-164832-f04-16fsk-10cm,lider,8.250,-28.65
3 a 10 cm apontada,20261008-164832-f04-16fsk-10cm,lider,8.500,-26.75
3 a 10 cm apontada,20261008-164832-f04-16fsk-10cm,lider,8.750,-26.08
3 a 10 cm apontada,20261008-164832-f04-16fsk-10cm,lider,9.000,-27.11
3 a 10 cm apontada,20261008-164832-f04-16fsk-10cm,lider,9.250,-26.91
3 a 10 cm apontada,20261008-164832-f04-16fsk-10cm,lider,9.500,-28.22
3 a 10 cm apontada,20261008-164832-f04-16fsk-10cm,lider,9.750,-27.39
3 a 10 cm apontada,20261008-164832-f04-16fsk-10cm,lider,10.000,-26.15
3 a 10 cm apontada,20261008-164832-f04-16fsk-10cm,lider,10.250,-25.34
3 a 10 cm apontada,20261008-164832-f04-16fsk-10cm,lider,10.500,-25.00
3 a 10 cm apontada,20261008-164832-f04-16fsk-10cm,lider,10.750,-24.55
3 a 10 cm apontada,20261008-164832-f04-16fsk-10cm,lider,11.000,-24.36
3 a 10 cm apontada,20261008-164832-f04-16fsk-10cm,lider,11.250,-23.13
3 a 10 cm apontada,20261008-164832-f04-16fsk-10cm,lider,11.500,-23.01
3 a 10 cm apontada,20261008-164832-f04-16fsk-10cm,lider,11.750,-22.11
3 a 10 cm apontada,20261008-164832-f04-16fsk-10cm,lider,12.000,-22.03
3 a 10 cm apontada,20261008-164832-f04-16fsk-10cm,lider,12.250,-21.32
3 a 10 cm apontada,20261008-164832-f04-16fsk-10cm,lider,12.500,-19.70
3 a 10 cm apontada,20261008-164832-f04-16fsk-10cm,lider,12.750,-20.57
3 a 10 cm apontada,20261008-164832-f04-16fsk-10cm,lider,13.000,-20.67
3 a 10 cm apontada,20261008-164832-f04-16fsk-10cm,lider,13.250,-22.41
3 a 10 cm apontada,20261008-164832-f04-16fsk-10cm,lider,13.500,-25.06
3 a 10 cm apontada,20261008-164832-f04-16fsk-10cm,lider,13.750,-24.45
3 a 10 cm apontada,20261008-164832-f04-16fsk-10cm,lider,14.000,-24.78
3 a 10 cm apontada,20261008-164832-f04-16fsk-10cm,lider,14.250,-24.65
3 a 10 cm apontada,20261008-164832-f04-16fsk-10cm,lider,14.500,-23.20
3 a 10 cm apontada,20261008-164832-f04-16fsk-10cm,lider,14.750,-21.85
3 a 10 cm apontada,20261008-164832-f04-16fsk-10cm,lider,15.000,-20.96
3 a 10 cm apontada,20261008-164832-f04-16fsk-10cm,lider,15.250,-19.37
3 a 10 cm apontada,20261008-164832-f04-16fsk-10cm,lider,15.500,-20.14
3 a 10 cm apontada,20261008-164832-f04-16fsk-10cm,lider,15.750,-21.14
3 a 10 cm apontada,20261008-164832-f04-16fsk-10cm,lider,16.000,-22.36
3 a 10 cm apontada,20261008-164832-f04-16fsk-10cm,lider,16.250,-26.00
3 a 10 cm apontada,20261008-164832-f04-16fsk-10cm,lider,16.500,-26.55
3 a 10 cm apontada,20261008-164832-f04-16fsk-10cm,lider,16.750,-26.14
3 a 10 cm apontada,20261008-164832-f04-16fsk-10cm,lider,17.000,-26.06
3 a 10 cm apontada,20261008-164832-f04-16fsk-10cm,lider,17.250,-25.11
3 a 10 cm apontada,20261008-164832-f04-16fsk-10cm,lider,17.500,-24.56
3 a 10 cm apontada,20261008-164832-f04-16fsk-10cm,lider,17.750,-25.28
3 a 10 cm apontada,20261008-164832-f04-16fsk-10cm,lider,18.000,-25.01
3 a 10 cm apontada,20261008-164832-f04-16fsk-10cm,lider,18.250,-26.06
3 a 10 cm apontada,20261008-164832-f04-16fsk-10cm,lider,18.500,-26.49
3 a 10 cm apontada,20261008-164832-f04-16fsk-10cm,lider,18.750,-25.87
3 a 10 cm apontada,20261008-164832-f04-16fsk-10cm,lider,19.000,-25.78
3 a 10 cm apontada,20261008-164832-f04-16fsk-10cm,lider,19.250,-25.43
3 a 10 cm apontada,20261008-164832-f04-16fsk-10cm,lider,19.500,-25.35
3 a 10 cm apontada,20261008-164832-f04-16fsk-10cm,lider,19.750,-25.91
3 a 10 cm apontada,20261008-164832-f04-16fsk-10cm,lider,20.000,-23.83
3 a 10 cm apontada,20261008-164832-f04-16fsk-10cm,lider,20.250,-23.92
3 a 10 cm apontada,20261008-164832-f04-16fsk-10cm,lider,20.500,-22.15
3 a 10 cm apontada,20261008-164832-f04-16fsk-10cm,lider,20.750,-21.39
3 a 10 cm apontada,20261008-164832-f04-16fsk-10cm,lider,21.000,-20.55
3 a 10 cm apontada,20261008-164832-f04-16fsk-10cm,lider,21.250,-19.63
3 a 10 cm apontada,20261008-164832-f04-16fsk-10cm,lider,21.500,-20.01
3 a 10 cm apontada,20261008-164832-f04-16fsk-10cm,lider,21.750,-19.46
3 a 10 cm apontada,20261008-164832-f04-16fsk-10cm,lider,22.000,-19.78
3 a 10 cm apontada,20261008-164832-f04-16fsk-10cm,lider,22.250,-20.34
3 a 10 cm apontada,20261008-164832-f04-16fsk-10cm,lider,22.500,-20.76
3 a 10 cm apontada,20261008-164832-f04-16fsk-10cm,lider,22.750,-22.03
3 a 10 cm apontada,20261008-164832-f04-16fsk-10cm,lider,23.000,-24.14
3 a 10 cm apontada,20261008-164832-f04-16fsk-10cm,lider,23.250,-24.65
3 a 10 cm apontada,20261008-164832-f04-16fsk-10cm,lider,23.500,-25.19
3 a 10 cm apontada,20261008-164832-f04-16fsk-10cm,lider,23.750,-24.21
3 a 10 cm apontada,20261008-164832-f04-16fsk-10cm,lider,24.000,-23.75
3 a 10 cm apontada,20261008-164832-f04-16fsk-10cm,lider,24.250,-24.21
3 a 10 cm apontada,20261008-164832-f04-16fsk-10cm,lider,24.500,-24.32
3 a 10 cm apontada,20261008-164832-f04-16fsk-10cm,lider,24.750,-26.52
3 a 10 cm apontada,20261008-164832-f04-16fsk-10cm,lider,25.000,-28.25
3 a 10 cm apontada,20261008-164832-f04-16fsk-10cm,lider,25.250,-29.60
3 a 10 cm apontada,20261008-164832-f04-16fsk-10cm,lider,25.500,-30.25
3 a 10 cm apontada,20261008-164832-f04-16fsk-10cm,lider,25.750,-28.60
3 a 10 cm apontada,20261008-164832-f04-16fsk-10cm,lider,26.000,-28.89
3 a 10 cm apontada,20261008-164832-f04-16fsk-10cm,lider,26.250,-28.29
3 a 10 cm apontada,20261008-164832-f04-16fsk-10cm,lider,26.500,-28.70
3 a 10 cm apontada,20261008-164832-f04-16fsk-10cm,lider,26.750,-29.12
3 a 10 cm apontada,20261008-164832-f04-16fsk-10cm,lider,27.000,-28.16
3 a 10 cm apontada,20261008-164832-f04-16fsk-10cm,lider,27.250,-28.19
3 a 10 cm apontada,20261008-164832-f04-16fsk-10cm,lider,27.500,-29.04
3 a 10 cm apontada,20261008-164832-f04-16fsk-10cm,lider,27.750,-30.82
3 a 10 cm apontada,20261008-164832-f04-16fsk-10cm,lider,28.000,-33.44
3 a 10 cm apontada,20261008-164832-f04-16fsk-10cm,lider,28.250,-37.81
3 a 10 cm apontada,20261008-164832-f04-16fsk-10cm,lider,28.500,-35.36
3 a 10 cm apontada,20261008-164832-f04-16fsk-10cm,lider,28.750,-34.96
3 a 10 cm apontada,20261008-164832-f04-16fsk-10cm,lider,29.000,-33.15
3 a 10 cm apontada,20261008-164832-f04-16fsk-10cm,lider,29.250,-30.54
3 a 10 cm apontada,20261008-164832-f04-16fsk-10cm,lider,29.500,-30.50
3 a 10 cm apontada,20261008-164832-f04-16fsk-10cm,lider,29.750,-29.71
3 a 10 cm apontada,20261008-164832-f04-16fsk-10cm,lider,30.000,-29.48
3 a 10 cm apontada,20261008-164832-f04-16fsk-10cm,lider,30.250,-28.33
3 a 10 cm apontada,20261008-164832-f04-16fsk-10cm,lider,30.500,-26.82
3 a 10 cm apontada,20261008-164832-f04-16fsk-10cm,lider,30.750,-26.51
3 a 10 cm apontada,20261008-164832-f04-16fsk-10cm,lider,31.000,-24.57
3 a 10 cm apontada,20261008-164832-f04-16fsk-10cm,lider,31.250,-23.77
3 a 10 cm apontada,20261008-164832-f04-16fsk-10cm,lider,31.500,-23.08
3 a 10 cm apontada,20261008-164832-f04-16fsk-10cm,lider,31.750,-22.23
3 a 10 cm apontada,20261008-164832-f04-16fsk-10cm,lider,32.000,-22.80
3 a 10 cm apontada,20261008-164832-f04-16fsk-10cm,lider,32.250,-23.97
3 a 10 cm apontada,20261008-164832-f04-16fsk-10cm,lider,32.500,-25.13
3 a 10 cm apontada,20261008-164832-f04-16fsk-10cm,lider,32.750,-27.24
3 a 10 cm apontada,20261008-164832-f04-16fsk-10cm,lider,33.000,-27.78
3 a 10 cm apontada,20261008-164832-f04-16fsk-10cm,lider,33.250,-26.78
3 a 10 cm apontada,20261008-164832-f04-16fsk-10cm,lider,33.500,-26.12
3 a 10 cm apontada,20261008-164832-f04-16fsk-10cm,lider,33.750,-26.25
3 a 10 cm apontada,20261008-164832-f04-16fsk-10cm,lider,34.000,-27.18
3 a 10 cm apontada,20261008-164832-f04-16fsk-10cm,lider,34.250,-27.04
3 a 10 cm apontada,20261008-164832-f04-16fsk-10cm,lider,34.500,-26.10
3 a 10 cm apontada,20261008-164832-f04-16fsk-10cm,lider,34.750,-25.60
3 a 10 cm apontada,20261008-164832-f04-16fsk-10cm,lider,35.000,-25.62
3 a 10 cm apontada,20261008-164832-f04-16fsk-10cm,lider,35.250,-26.49
3 a 10 cm apontada,20261008-164832-f04-16fsk-10cm,lider,35.500,-29.48
3 a 10 cm apontada,20261008-164832-f04-16fsk-10cm,lider,35.750,-30.94
3 a 10 cm apontada,20261008-164832-f04-16fsk-10cm,lider,36.000,-30.87
3 a 10 cm apontada,20261008-164832-f04-16fsk-10cm,lider,36.250,-27.56
3 a 10 cm apontada,20261008-164832-f04-16fsk-10cm,lider,36.500,-25.64
3 a 10 cm apontada,20261008-164832-f04-16fsk-10cm,lider,36.750,-24.60
3 a 10 cm apontada,20261008-164832-f04-16fsk-10cm,lider,37.000,-24.01
3 a 10 cm apontada,20261008-164832-f04-16fsk-10cm,lider,37.250,-25.51
3 a 10 cm apontada,20261008-164832-f04-16fsk-10cm,lider,37.500,-27.84
3 a 10 cm apontada,20261008-164832-f04-16fsk-10cm,lider,37.750,-30.29
3 a 10 cm apontada,20261008-164832-f04-16fsk-10cm,lider,38.000,-28.91
3 a 10 cm apontada,20261008-164832-f04-16fsk-10cm,lider,38.250,-26.63
3 a 10 cm apontada,20261008-164832-f04-16fsk-10cm,lider,38.500,-25.78
3 a 10 cm apontada,20261008-164832-f04-16fsk-10cm,lider,38.750,-25.70
3 a 10 cm apontada,20261008-164832-f04-16fsk-10cm,lider,39.000,-27.27
3 a 10 cm apontada,20261008-164832-f04-16fsk-10cm,lider,39.250,-30.19
3 a 10 cm apontada,20261008-164832-f04-16fsk-10cm,lider,39.500,-32.50
3 a 10 cm apontada,20261008-164832-f04-16fsk-10cm,lider,39.750,-32.31
3 a 10 cm apontada,20261008-164832-f04-16fsk-10cm,lider,40.000,-33.22
3 a 10 cm apontada,20261008-164832-f04-16fsk-10cm,lider,40.250,-32.88
3 a 10 cm apontada,20261008-164832-f04-16fsk-10cm,lider,40.500,-30.86
3 a 10 cm apontada,20261008-164832-f04-16fsk-10cm,lider,40.750,-29.61
3 a 10 cm apontada,20261008-164832-f04-16fsk-10cm,lider,41.000,-28.12
3 a 10 cm apontada,20261008-164832-f04-16fsk-10cm,lider,41.250,-27.40
3 a 10 cm apontada,20261008-164832-f04-16fsk-10cm,lider,41.500,-28.15
3 a 10 cm apontada,20261008-164832-f04-16fsk-10cm,lider,41.750,-29.71
3 a 10 cm apontada,20261008-164832-f04-16fsk-10cm,lider,42.000,-30.64
3 a 10 cm apontada,20261008-164832-f04-16fsk-10cm,lider,42.250,-31.51
3 a 10 cm apontada,20261008-164832-f04-16fsk-10cm,lider,42.500,-31.31
3 a 10 cm apontada,20261008-164832-f04-16fsk-10cm,lider,42.750,-29.03
3 a 10 cm apontada,20261008-164832-f04-16fsk-10cm,lider,43.000,-27.14
3 a 10 cm apontada,20261008-164832-f04-16fsk-10cm,lider,43.250,-25.26
3 a 10 cm apontada,20261008-164832-f04-16fsk-10cm,lider,43.500,-25.15
3 a 10 cm apontada,20261008-164832-f04-16fsk-10cm,lider,43.750,-25.30
3 a 10 cm apontada,20261008-164832-f04-16fsk-10cm,lider,44.000,-26.45
3 a 10 cm apontada,20261008-164832-f04-16fsk-10cm,lider,44.250,-29.19
3 a 10 cm apontada,20261008-164832-f04-16fsk-10cm,lider,44.500,-27.52
3 a 10 cm apontada,20261008-164832-f04-16fsk-10cm,lider,44.750,-28.22
3 a 10 cm apontada,20261008-164832-f04-16fsk-10cm,lider,45.000,-27.17
3 a 10 cm apontada,20261008-164832-f04-16fsk-10cm,lider,45.250,-26.94
3 a 10 cm apontada,20261008-164832-f04-16fsk-10cm,lider,45.500,-28.23
3 a 10 cm apontada,20261008-164832-f04-16fsk-10cm,lider,45.750,-28.51
3 a 10 cm apontada,20261008-164832-f04-16fsk-10cm,lider,46.000,-30.72
3 a 10 cm apontada,20261008-164832-f04-16fsk-10cm,lider,46.250,-31.28
3 a 10 cm apontada,20261008-164832-f04-16fsk-10cm,lider,46.500,-31.55
3 a 10 cm apontada,20261008-164832-f04-16fsk-10cm,lider,46.750,-29.48
3 a 10 cm apontada,20261008-164832-f04-16fsk-10cm,lider,47.000,-28.44
3 a 10 cm apontada,20261008-164832-f04-16fsk-10cm,lider,47.250,-27.60
3 a 10 cm apontada,20261008-164832-f04-16fsk-10cm,lider,47.500,-27.70
3 a 10 cm apontada,20261008-164832-f04-16fsk-10cm,lider,47.750,-28.69
3 a 10 cm apontada,20261008-164832-f04-16fsk-10cm,lider,48.000,-27.37
3 a 10 cm apontada,20261008-164832-f04-16fsk-10cm,lider,48.250,-26.84
3 a 10 cm apontada,20261008-164832-f04-16fsk-10cm,lider,48.500,-26.65
3 a 10 cm apontada,20261008-164832-f04-16fsk-10cm,lider,48.750,-25.19
3 a 10 cm apontada,20261008-164832-f04-16fsk-10cm,lider,49.000,-25.27
3 a 10 cm apontada,20261008-164832-f04-16fsk-10cm,lider,49.250,-25.84
3 a 10 cm apontada,20261008-164832-f04-16fsk-10cm,lider,49.500,-25.69
3 a 10 cm apontada,20261008-164832-f04-16fsk-10cm,lider,49.750,-26.03
3 a 10 cm apontada,20261008-164832-f04-16fsk-10cm,lider,50.000,-26.70
3 a 10 cm apontada,20261008-164832-f04-16fsk-10cm,lider,50.250,-27.37
3 a 10 cm apontada,20261008-164832-f04-16fsk-10cm,lider,50.500,-28.19
3 a 10 cm apontada,20261008-164832-f04-16fsk-10cm,lider,50.750,-31.00
3 a 10 cm apontada,20261008-164832-f04-16fsk-10cm,lider,51.000,-31.56
3 a 10 cm apontada,20261008-164832-f04-16fsk-10cm,lider,51.250,-31.17
3 a 10 cm apontada,20261008-164832-f04-16fsk-10cm,lider,51.500,-27.81
3 a 10 cm apontada,20261008-164832-f04-16fsk-10cm,lider,51.750,-24.75
3 a 10 cm apontada,20261008-164832-f04-16fsk-10cm,lider,52.000,-24.28
3 a 10 cm apontada,20261008-164832-f04-16fsk-10cm,lider,52.250,-23.94
3 a 10 cm apontada,20261008-164832-f04-16fsk-10cm,lider,52.500,-24.97
3 a 10 cm apontada,20261008-164832-f04-16fsk-10cm,lider,52.750,-27.73
3 a 10 cm apontada,20261008-164832-f04-16fsk-10cm,lider,53.000,-30.04
3 a 10 cm apontada,20261008-164832-f04-16fsk-10cm,lider,53.250,-31.31
3 a 10 cm apontada,20261008-164832-f04-16fsk-10cm,lider,53.500,-31.86
3 a 10 cm apontada,20261008-164832-f04-16fsk-10cm,lider,53.750,-35.01
3 a 10 cm apontada,20261008-164832-f04-16fsk-10cm,lider,54.000,-35.42
3 a 10 cm apontada,20261008-164832-f04-16fsk-10cm,lider,54.250,-36.77
3 a 10 cm apontada,20261008-164832-f04-16fsk-10cm,lider,54.500,-34.25
3 a 10 cm apontada,20261008-164832-f04-16fsk-10cm,lider,54.750,-32.18
3 a 10 cm apontada,20261008-164832-f04-16fsk-10cm,lider,55.000,-31.37
3 a 10 cm apontada,20261008-164832-f04-16fsk-10cm,lider,55.250,-31.49
3 a 10 cm apontada,20261008-164832-f04-16fsk-10cm,lider,55.500,-31.65
3 a 10 cm apontada,20261008-164832-f04-16fsk-10cm,lider,55.750,-32.45
3 a 10 cm apontada,20261008-164832-f04-16fsk-10cm,lider,56.000,-33.47
3 a 10 cm apontada,20261008-164832-f04-16fsk-10cm,lider,56.250,-32.30
3 a 10 cm apontada,20261008-164832-f04-16fsk-10cm,lider,56.500,-32.78
3 a 10 cm apontada,20261008-164832-f04-16fsk-10cm,lider,56.750,-33.00
3 a 10 cm apontada,20261008-164832-f04-16fsk-10cm,lider,57.000,-33.39
3 a 10 cm apontada,20261008-164832-f04-16fsk-10cm,lider,57.250,-35.73
3 a 10 cm apontada,20261008-164832-f04-16fsk-10cm,lider,57.500,-37.08
3 a 10 cm apontada,20261008-164832-f04-16fsk-10cm,lider,57.750,-37.00
3 a 10 cm apontada,20261008-164832-f04-16fsk-10cm,lider,58.000,-36.67
3 a 10 cm apontada,20261008-164832-f04-16fsk-10cm,lider,58.250,-32.99
3 a 10 cm apontada,20261008-164832-f04-16fsk-10cm,lider,58.500,-28.62
3 a 10 cm apontada,20261008-164832-f04-16fsk-10cm,lider,58.750,-27.33
3 a 10 cm apontada,20261008-164832-f04-16fsk-10cm,lider,59.000,-26.87
3 a 10 cm apontada,20261008-164832-f04-16fsk-10cm,lider,59.250,-27.34
3 a 10 cm apontada,20261008-164832-f04-16fsk-10cm,lider,59.500,-30.18
3 a 10 cm apontada,20261008-164832-f04-16fsk-10cm,lider,59.750,-34.17
3 a 10 cm apontada,20261008-164832-f04-16fsk-10cm,final,-5.000,-32.73
3 a 10 cm apontada,20261008-164832-f04-16fsk-10cm,final,-4.750,-29.43
3 a 10 cm apontada,20261008-164832-f04-16fsk-10cm,final,-4.500,-28.53
3 a 10 cm apontada,20261008-164832-f04-16fsk-10cm,final,-4.250,-27.45
3 a 10 cm apontada,20261008-164832-f04-16fsk-10cm,final,-4.000,-26.72
3 a 10 cm apontada,20261008-164832-f04-16fsk-10cm,final,-3.750,-26.78
3 a 10 cm apontada,20261008-164832-f04-16fsk-10cm,final,-3.500,-24.92
3 a 10 cm apontada,20261008-164832-f04-16fsk-10cm,final,-3.250,-25.06
3 a 10 cm apontada,20261008-164832-f04-16fsk-10cm,final,-3.000,-24.52
3 a 10 cm apontada,20261008-164832-f04-16fsk-10cm,final,-2.750,-23.42
3 a 10 cm apontada,20261008-164832-f04-16fsk-10cm,final,-2.500,-23.06
3 a 10 cm apontada,20261008-164832-f04-16fsk-10cm,final,-2.250,-21.89
3 a 10 cm apontada,20261008-164832-f04-16fsk-10cm,final,-2.000,-21.60
3 a 10 cm apontada,20261008-164832-f04-16fsk-10cm,final,-1.750,-20.47
3 a 10 cm apontada,20261008-164832-f04-16fsk-10cm,final,-1.500,-19.77
3 a 10 cm apontada,20261008-164832-f04-16fsk-10cm,final,-1.250,-18.87
3 a 10 cm apontada,20261008-164832-f04-16fsk-10cm,final,-1.000,-16.04
3 a 10 cm apontada,20261008-164832-f04-16fsk-10cm,final,-0.750,-12.53
3 a 10 cm apontada,20261008-164832-f04-16fsk-10cm,final,-0.500,-3.35
3 a 10 cm apontada,20261008-164832-f04-16fsk-10cm,final,-0.250,-0.29
3 a 10 cm apontada,20261008-164832-f04-16fsk-10cm,final,0.000,-0.00
3 a 10 cm apontada,20261008-164832-f04-16fsk-10cm,final,0.250,-0.10
3 a 10 cm apontada,20261008-164832-f04-16fsk-10cm,final,0.500,-1.83
3 a 10 cm apontada,20261008-164832-f04-16fsk-10cm,final,0.750,-6.23
3 a 10 cm apontada,20261008-164832-f04-16fsk-10cm,final,1.000,-7.60
3 a 10 cm apontada,20261008-164832-f04-16fsk-10cm,final,1.250,-7.76
3 a 10 cm apontada,20261008-164832-f04-16fsk-10cm,final,1.500,-11.05
3 a 10 cm apontada,20261008-164832-f04-16fsk-10cm,final,1.750,-16.25
3 a 10 cm apontada,20261008-164832-f04-16fsk-10cm,final,2.000,-17.94
3 a 10 cm apontada,20261008-164832-f04-16fsk-10cm,final,2.250,-18.87
3 a 10 cm apontada,20261008-164832-f04-16fsk-10cm,final,2.500,-18.34
3 a 10 cm apontada,20261008-164832-f04-16fsk-10cm,final,2.750,-20.31
3 a 10 cm apontada,20261008-164832-f04-16fsk-10cm,final,3.000,-20.66
3 a 10 cm apontada,20261008-164832-f04-16fsk-10cm,final,3.250,-20.41
3 a 10 cm apontada,20261008-164832-f04-16fsk-10cm,final,3.500,-19.98
3 a 10 cm apontada,20261008-164832-f04-16fsk-10cm,final,3.750,-18.07
3 a 10 cm apontada,20261008-164832-f04-16fsk-10cm,final,4.000,-18.39
3 a 10 cm apontada,20261008-164832-f04-16fsk-10cm,final,4.250,-18.76
3 a 10 cm apontada,20261008-164832-f04-16fsk-10cm,final,4.500,-19.18
3 a 10 cm apontada,20261008-164832-f04-16fsk-10cm,final,4.750,-21.86
3 a 10 cm apontada,20261008-164832-f04-16fsk-10cm,final,5.000,-22.35
3 a 10 cm apontada,20261008-164832-f04-16fsk-10cm,final,5.250,-23.62
3 a 10 cm apontada,20261008-164832-f04-16fsk-10cm,final,5.500,-26.14
3 a 10 cm apontada,20261008-164832-f04-16fsk-10cm,final,5.750,-25.96
3 a 10 cm apontada,20261008-164832-f04-16fsk-10cm,final,6.000,-26.97
3 a 10 cm apontada,20261008-164832-f04-16fsk-10cm,final,6.250,-27.46
3 a 10 cm apontada,20261008-164832-f04-16fsk-10cm,final,6.500,-26.78
3 a 10 cm apontada,20261008-164832-f04-16fsk-10cm,final,6.750,-26.18
3 a 10 cm apontada,20261008-164832-f04-16fsk-10cm,final,7.000,-27.59
3 a 10 cm apontada,20261008-164832-f04-16fsk-10cm,final,7.250,-27.95
3 a 10 cm apontada,20261008-164832-f04-16fsk-10cm,final,7.500,-29.01
3 a 10 cm apontada,20261008-164832-f04-16fsk-10cm,final,7.750,-31.69
3 a 10 cm apontada,20261008-164832-f04-16fsk-10cm,final,8.000,-30.59
3 a 10 cm apontada,20261008-164832-f04-16fsk-10cm,final,8.250,-31.14
3 a 10 cm apontada,20261008-164832-f04-16fsk-10cm,final,8.500,-28.24
3 a 10 cm apontada,20261008-164832-f04-16fsk-10cm,final,8.750,-25.81
3 a 10 cm apontada,20261008-164832-f04-16fsk-10cm,final,9.000,-26.12
3 a 10 cm apontada,20261008-164832-f04-16fsk-10cm,final,9.250,-26.09
3 a 10 cm apontada,20261008-164832-f04-16fsk-10cm,final,9.500,-27.15
3 a 10 cm apontada,20261008-164832-f04-16fsk-10cm,final,9.750,-29.13
3 a 10 cm apontada,20261008-164832-f04-16fsk-10cm,final,10.000,-28.34
3 a 10 cm apontada,20261008-164832-f04-16fsk-10cm,final,10.250,-26.96
3 a 10 cm apontada,20261008-164832-f04-16fsk-10cm,final,10.500,-26.34
3 a 10 cm apontada,20261008-164832-f04-16fsk-10cm,final,10.750,-25.21
3 a 10 cm apontada,20261008-164832-f04-16fsk-10cm,final,11.000,-24.36
3 a 10 cm apontada,20261008-164832-f04-16fsk-10cm,final,11.250,-22.35
3 a 10 cm apontada,20261008-164832-f04-16fsk-10cm,final,11.500,-22.04
3 a 10 cm apontada,20261008-164832-f04-16fsk-10cm,final,11.750,-21.05
3 a 10 cm apontada,20261008-164832-f04-16fsk-10cm,final,12.000,-21.05
3 a 10 cm apontada,20261008-164832-f04-16fsk-10cm,final,12.250,-20.97
3 a 10 cm apontada,20261008-164832-f04-16fsk-10cm,final,12.500,-19.75
3 a 10 cm apontada,20261008-164832-f04-16fsk-10cm,final,12.750,-20.74
3 a 10 cm apontada,20261008-164832-f04-16fsk-10cm,final,13.000,-20.89
3 a 10 cm apontada,20261008-164832-f04-16fsk-10cm,final,13.250,-22.68
3 a 10 cm apontada,20261008-164832-f04-16fsk-10cm,final,13.500,-25.32
3 a 10 cm apontada,20261008-164832-f04-16fsk-10cm,final,13.750,-25.48
3 a 10 cm apontada,20261008-164832-f04-16fsk-10cm,final,14.000,-26.22
3 a 10 cm apontada,20261008-164832-f04-16fsk-10cm,final,14.250,-26.04
3 a 10 cm apontada,20261008-164832-f04-16fsk-10cm,final,14.500,-23.93
3 a 10 cm apontada,20261008-164832-f04-16fsk-10cm,final,14.750,-21.85
3 a 10 cm apontada,20261008-164832-f04-16fsk-10cm,final,15.000,-20.99
3 a 10 cm apontada,20261008-164832-f04-16fsk-10cm,final,15.250,-19.18
3 a 10 cm apontada,20261008-164832-f04-16fsk-10cm,final,15.500,-19.88
3 a 10 cm apontada,20261008-164832-f04-16fsk-10cm,final,15.750,-20.93
3 a 10 cm apontada,20261008-164832-f04-16fsk-10cm,final,16.000,-21.90
3 a 10 cm apontada,20261008-164832-f04-16fsk-10cm,final,16.250,-25.93
3 a 10 cm apontada,20261008-164832-f04-16fsk-10cm,final,16.500,-26.34
3 a 10 cm apontada,20261008-164832-f04-16fsk-10cm,final,16.750,-25.79
3 a 10 cm apontada,20261008-164832-f04-16fsk-10cm,final,17.000,-25.84
3 a 10 cm apontada,20261008-164832-f04-16fsk-10cm,final,17.250,-25.72
3 a 10 cm apontada,20261008-164832-f04-16fsk-10cm,final,17.500,-25.55
3 a 10 cm apontada,20261008-164832-f04-16fsk-10cm,final,17.750,-26.83
3 a 10 cm apontada,20261008-164832-f04-16fsk-10cm,final,18.000,-25.99
3 a 10 cm apontada,20261008-164832-f04-16fsk-10cm,final,18.250,-26.17
3 a 10 cm apontada,20261008-164832-f04-16fsk-10cm,final,18.500,-25.92
3 a 10 cm apontada,20261008-164832-f04-16fsk-10cm,final,18.750,-25.52
3 a 10 cm apontada,20261008-164832-f04-16fsk-10cm,final,19.000,-25.77
3 a 10 cm apontada,20261008-164832-f04-16fsk-10cm,final,19.250,-25.40
3 a 10 cm apontada,20261008-164832-f04-16fsk-10cm,final,19.500,-25.60
3 a 10 cm apontada,20261008-164832-f04-16fsk-10cm,final,19.750,-26.23
3 a 10 cm apontada,20261008-164832-f04-16fsk-10cm,final,20.000,-23.63
3 a 10 cm apontada,20261008-164832-f04-16fsk-10cm,final,20.250,-23.62
3 a 10 cm apontada,20261008-164832-f04-16fsk-10cm,final,20.500,-21.64
3 a 10 cm apontada,20261008-164832-f04-16fsk-10cm,final,20.750,-20.52
3 a 10 cm apontada,20261008-164832-f04-16fsk-10cm,final,21.000,-19.59
3 a 10 cm apontada,20261008-164832-f04-16fsk-10cm,final,21.250,-18.64
3 a 10 cm apontada,20261008-164832-f04-16fsk-10cm,final,21.500,-18.87
3 a 10 cm apontada,20261008-164832-f04-16fsk-10cm,final,21.750,-18.28
3 a 10 cm apontada,20261008-164832-f04-16fsk-10cm,final,22.000,-18.45
3 a 10 cm apontada,20261008-164832-f04-16fsk-10cm,final,22.250,-18.87
3 a 10 cm apontada,20261008-164832-f04-16fsk-10cm,final,22.500,-19.13
3 a 10 cm apontada,20261008-164832-f04-16fsk-10cm,final,22.750,-20.17
3 a 10 cm apontada,20261008-164832-f04-16fsk-10cm,final,23.000,-22.08
3 a 10 cm apontada,20261008-164832-f04-16fsk-10cm,final,23.250,-22.25
3 a 10 cm apontada,20261008-164832-f04-16fsk-10cm,final,23.500,-23.10
3 a 10 cm apontada,20261008-164832-f04-16fsk-10cm,final,23.750,-23.06
3 a 10 cm apontada,20261008-164832-f04-16fsk-10cm,final,24.000,-22.46
3 a 10 cm apontada,20261008-164832-f04-16fsk-10cm,final,24.250,-23.52
3 a 10 cm apontada,20261008-164832-f04-16fsk-10cm,final,24.500,-23.65
3 a 10 cm apontada,20261008-164832-f04-16fsk-10cm,final,24.750,-25.43
3 a 10 cm apontada,20261008-164832-f04-16fsk-10cm,final,25.000,-27.81
3 a 10 cm apontada,20261008-164832-f04-16fsk-10cm,final,25.250,-28.84
3 a 10 cm apontada,20261008-164832-f04-16fsk-10cm,final,25.500,-29.02
3 a 10 cm apontada,20261008-164832-f04-16fsk-10cm,final,25.750,-27.63
3 a 10 cm apontada,20261008-164832-f04-16fsk-10cm,final,26.000,-27.71
3 a 10 cm apontada,20261008-164832-f04-16fsk-10cm,final,26.250,-27.36
3 a 10 cm apontada,20261008-164832-f04-16fsk-10cm,final,26.500,-28.25
3 a 10 cm apontada,20261008-164832-f04-16fsk-10cm,final,26.750,-29.24
3 a 10 cm apontada,20261008-164832-f04-16fsk-10cm,final,27.000,-28.30
3 a 10 cm apontada,20261008-164832-f04-16fsk-10cm,final,27.250,-28.35
3 a 10 cm apontada,20261008-164832-f04-16fsk-10cm,final,27.500,-29.05
3 a 10 cm apontada,20261008-164832-f04-16fsk-10cm,final,27.750,-30.46
3 a 10 cm apontada,20261008-164832-f04-16fsk-10cm,final,28.000,-32.67
3 a 10 cm apontada,20261008-164832-f04-16fsk-10cm,final,28.250,-36.91
3 a 10 cm apontada,20261008-164832-f04-16fsk-10cm,final,28.500,-34.24
3 a 10 cm apontada,20261008-164832-f04-16fsk-10cm,final,28.750,-33.57
3 a 10 cm apontada,20261008-164832-f04-16fsk-10cm,final,29.000,-32.55
3 a 10 cm apontada,20261008-164832-f04-16fsk-10cm,final,29.250,-29.74
3 a 10 cm apontada,20261008-164832-f04-16fsk-10cm,final,29.500,-29.77
3 a 10 cm apontada,20261008-164832-f04-16fsk-10cm,final,29.750,-29.14
3 a 10 cm apontada,20261008-164832-f04-16fsk-10cm,final,30.000,-28.87
3 a 10 cm apontada,20261008-164832-f04-16fsk-10cm,final,30.250,-27.56
3 a 10 cm apontada,20261008-164832-f04-16fsk-10cm,final,30.500,-25.93
3 a 10 cm apontada,20261008-164832-f04-16fsk-10cm,final,30.750,-25.65
3 a 10 cm apontada,20261008-164832-f04-16fsk-10cm,final,31.000,-23.44
3 a 10 cm apontada,20261008-164832-f04-16fsk-10cm,final,31.250,-22.68
3 a 10 cm apontada,20261008-164832-f04-16fsk-10cm,final,31.500,-22.20
3 a 10 cm apontada,20261008-164832-f04-16fsk-10cm,final,31.750,-21.69
3 a 10 cm apontada,20261008-164832-f04-16fsk-10cm,final,32.000,-22.85
3 a 10 cm apontada,20261008-164832-f04-16fsk-10cm,final,32.250,-24.25
3 a 10 cm apontada,20261008-164832-f04-16fsk-10cm,final,32.500,-25.67
3 a 10 cm apontada,20261008-164832-f04-16fsk-10cm,final,32.750,-27.77
3 a 10 cm apontada,20261008-164832-f04-16fsk-10cm,final,33.000,-28.79
3 a 10 cm apontada,20261008-164832-f04-16fsk-10cm,final,33.250,-29.31
3 a 10 cm apontada,20261008-164832-f04-16fsk-10cm,final,33.500,-26.83
3 a 10 cm apontada,20261008-164832-f04-16fsk-10cm,final,33.750,-25.85
3 a 10 cm apontada,20261008-164832-f04-16fsk-10cm,final,34.000,-25.81
3 a 10 cm apontada,20261008-164832-f04-16fsk-10cm,final,34.250,-24.70
3 a 10 cm apontada,20261008-164832-f04-16fsk-10cm,final,34.500,-24.06
3 a 10 cm apontada,20261008-164832-f04-16fsk-10cm,final,34.750,-24.39
3 a 10 cm apontada,20261008-164832-f04-16fsk-10cm,final,35.000,-24.44
3 a 10 cm apontada,20261008-164832-f04-16fsk-10cm,final,35.250,-25.16
3 a 10 cm apontada,20261008-164832-f04-16fsk-10cm,final,35.500,-28.54
3 a 10 cm apontada,20261008-164832-f04-16fsk-10cm,final,35.750,-29.44
3 a 10 cm apontada,20261008-164832-f04-16fsk-10cm,final,36.000,-29.56
3 a 10 cm apontada,20261008-164832-f04-16fsk-10cm,final,36.250,-27.59
3 a 10 cm apontada,20261008-164832-f04-16fsk-10cm,final,36.500,-25.18
3 a 10 cm apontada,20261008-164832-f04-16fsk-10cm,final,36.750,-24.03
3 a 10 cm apontada,20261008-164832-f04-16fsk-10cm,final,37.000,-23.38
3 a 10 cm apontada,20261008-164832-f04-16fsk-10cm,final,37.250,-24.51
3 a 10 cm apontada,20261008-164832-f04-16fsk-10cm,final,37.500,-26.94
3 a 10 cm apontada,20261008-164832-f04-16fsk-10cm,final,37.750,-28.65
3 a 10 cm apontada,20261008-164832-f04-16fsk-10cm,final,38.000,-27.38
3 a 10 cm apontada,20261008-164832-f04-16fsk-10cm,final,38.250,-25.65
3 a 10 cm apontada,20261008-164832-f04-16fsk-10cm,final,38.500,-25.38
3 a 10 cm apontada,20261008-164832-f04-16fsk-10cm,final,38.750,-25.81
3 a 10 cm apontada,20261008-164832-f04-16fsk-10cm,final,39.000,-28.00
3 a 10 cm apontada,20261008-164832-f04-16fsk-10cm,final,39.250,-31.94
3 a 10 cm apontada,20261008-164832-f04-16fsk-10cm,final,39.500,-33.32
3 a 10 cm apontada,20261008-164832-f04-16fsk-10cm,final,39.750,-31.68
3 a 10 cm apontada,20261008-164832-f04-16fsk-10cm,final,40.000,-32.62
3 a 10 cm apontada,20261008-164832-f04-16fsk-10cm,final,40.250,-32.28
3 a 10 cm apontada,20261008-164832-f04-16fsk-10cm,final,40.500,-30.09
3 a 10 cm apontada,20261008-164832-f04-16fsk-10cm,final,40.750,-28.72
3 a 10 cm apontada,20261008-164832-f04-16fsk-10cm,final,41.000,-27.28
3 a 10 cm apontada,20261008-164832-f04-16fsk-10cm,final,41.250,-26.39
3 a 10 cm apontada,20261008-164832-f04-16fsk-10cm,final,41.500,-26.97
3 a 10 cm apontada,20261008-164832-f04-16fsk-10cm,final,41.750,-28.35
3 a 10 cm apontada,20261008-164832-f04-16fsk-10cm,final,42.000,-28.80
3 a 10 cm apontada,20261008-164832-f04-16fsk-10cm,final,42.250,-29.37
3 a 10 cm apontada,20261008-164832-f04-16fsk-10cm,final,42.500,-28.74
3 a 10 cm apontada,20261008-164832-f04-16fsk-10cm,final,42.750,-26.62
3 a 10 cm apontada,20261008-164832-f04-16fsk-10cm,final,43.000,-25.49
3 a 10 cm apontada,20261008-164832-f04-16fsk-10cm,final,43.250,-24.12
3 a 10 cm apontada,20261008-164832-f04-16fsk-10cm,final,43.500,-24.31
3 a 10 cm apontada,20261008-164832-f04-16fsk-10cm,final,43.750,-24.79
3 a 10 cm apontada,20261008-164832-f04-16fsk-10cm,final,44.000,-26.23
3 a 10 cm apontada,20261008-164832-f04-16fsk-10cm,final,44.250,-29.01
3 a 10 cm apontada,20261008-164832-f04-16fsk-10cm,final,44.500,-27.07
3 a 10 cm apontada,20261008-164832-f04-16fsk-10cm,final,44.750,-27.92
3 a 10 cm apontada,20261008-164832-f04-16fsk-10cm,final,45.000,-27.06
3 a 10 cm apontada,20261008-164832-f04-16fsk-10cm,final,45.250,-27.41
3 a 10 cm apontada,20261008-164832-f04-16fsk-10cm,final,45.500,-29.75
3 a 10 cm apontada,20261008-164832-f04-16fsk-10cm,final,45.750,-30.59
3 a 10 cm apontada,20261008-164832-f04-16fsk-10cm,final,46.000,-33.91
3 a 10 cm apontada,20261008-164832-f04-16fsk-10cm,final,46.250,-33.20
3 a 10 cm apontada,20261008-164832-f04-16fsk-10cm,final,46.500,-33.93
3 a 10 cm apontada,20261008-164832-f04-16fsk-10cm,final,46.750,-28.96
3 a 10 cm apontada,20261008-164832-f04-16fsk-10cm,final,47.000,-27.07
3 a 10 cm apontada,20261008-164832-f04-16fsk-10cm,final,47.250,-26.62
3 a 10 cm apontada,20261008-164832-f04-16fsk-10cm,final,47.500,-26.68
3 a 10 cm apontada,20261008-164832-f04-16fsk-10cm,final,47.750,-27.95
3 a 10 cm apontada,20261008-164832-f04-16fsk-10cm,final,48.000,-26.94
3 a 10 cm apontada,20261008-164832-f04-16fsk-10cm,final,48.250,-26.68
3 a 10 cm apontada,20261008-164832-f04-16fsk-10cm,final,48.500,-25.71
3 a 10 cm apontada,20261008-164832-f04-16fsk-10cm,final,48.750,-24.66
3 a 10 cm apontada,20261008-164832-f04-16fsk-10cm,final,49.000,-25.36
3 a 10 cm apontada,20261008-164832-f04-16fsk-10cm,final,49.250,-25.20
3 a 10 cm apontada,20261008-164832-f04-16fsk-10cm,final,49.500,-25.22
3 a 10 cm apontada,20261008-164832-f04-16fsk-10cm,final,49.750,-26.17
3 a 10 cm apontada,20261008-164832-f04-16fsk-10cm,final,50.000,-26.45
3 a 10 cm apontada,20261008-164832-f04-16fsk-10cm,final,50.250,-27.32
3 a 10 cm apontada,20261008-164832-f04-16fsk-10cm,final,50.500,-28.19
3 a 10 cm apontada,20261008-164832-f04-16fsk-10cm,final,50.750,-29.57
3 a 10 cm apontada,20261008-164832-f04-16fsk-10cm,final,51.000,-30.19
3 a 10 cm apontada,20261008-164832-f04-16fsk-10cm,final,51.250,-30.41
3 a 10 cm apontada,20261008-164832-f04-16fsk-10cm,final,51.500,-28.04
3 a 10 cm apontada,20261008-164832-f04-16fsk-10cm,final,51.750,-24.53
3 a 10 cm apontada,20261008-164832-f04-16fsk-10cm,final,52.000,-23.78
3 a 10 cm apontada,20261008-164832-f04-16fsk-10cm,final,52.250,-23.59
3 a 10 cm apontada,20261008-164832-f04-16fsk-10cm,final,52.500,-24.58
3 a 10 cm apontada,20261008-164832-f04-16fsk-10cm,final,52.750,-27.97
3 a 10 cm apontada,20261008-164832-f04-16fsk-10cm,final,53.000,-31.02
3 a 10 cm apontada,20261008-164832-f04-16fsk-10cm,final,53.250,-33.25
3 a 10 cm apontada,20261008-164832-f04-16fsk-10cm,final,53.500,-32.35
3 a 10 cm apontada,20261008-164832-f04-16fsk-10cm,final,53.750,-33.10
3 a 10 cm apontada,20261008-164832-f04-16fsk-10cm,final,54.000,-34.23
3 a 10 cm apontada,20261008-164832-f04-16fsk-10cm,final,54.250,-34.91
3 a 10 cm apontada,20261008-164832-f04-16fsk-10cm,final,54.500,-35.04
3 a 10 cm apontada,20261008-164832-f04-16fsk-10cm,final,54.750,-34.57
3 a 10 cm apontada,20261008-164832-f04-16fsk-10cm,final,55.000,-33.88
3 a 10 cm apontada,20261008-164832-f04-16fsk-10cm,final,55.250,-33.91
3 a 10 cm apontada,20261008-164832-f04-16fsk-10cm,final,55.500,-34.62
3 a 10 cm apontada,20261008-164832-f04-16fsk-10cm,final,55.750,-34.46
3 a 10 cm apontada,20261008-164832-f04-16fsk-10cm,final,56.000,-34.39
3 a 10 cm apontada,20261008-164832-f04-16fsk-10cm,final,56.250,-33.82
3 a 10 cm apontada,20261008-164832-f04-16fsk-10cm,final,56.500,-32.59
3 a 10 cm apontada,20261008-164832-f04-16fsk-10cm,final,56.750,-33.39
3 a 10 cm apontada,20261008-164832-f04-16fsk-10cm,final,57.000,-34.53
3 a 10 cm apontada,20261008-164832-f04-16fsk-10cm,final,57.250,-35.07
3 a 10 cm apontada,20261008-164832-f04-16fsk-10cm,final,57.500,-38.53
3 a 10 cm apontada,20261008-164832-f04-16fsk-10cm,final,57.750,-38.09
3 a 10 cm apontada,20261008-164832-f04-16fsk-10cm,final,58.000,-38.07
3 a 10 cm apontada,20261008-164832-f04-16fsk-10cm,final,58.250,-36.18
3 a 10 cm apontada,20261008-164832-f04-16fsk-10cm,final,58.500,-31.03
3 a 10 cm apontada,20261008-164832-f04-16fsk-10cm,final,58.750,-29.81
3 a 10 cm apontada,20261008-164832-f04-16fsk-10cm,final,59.000,-29.33
3 a 10 cm apontada,20261008-164832-f04-16fsk-10cm,final,59.250,-29.66
3 a 10 cm apontada,20261008-164832-f04-16fsk-10cm,final,59.500,-32.04
3 a 10 cm apontada,20261008-164832-f04-16fsk-10cm,final,59.750,-35.06
